username,friends_count,followers_count,posts_count,profile_pic,bio_length,account_age_days,groups_joined,verified,label
user_326,1634,552,386,1,196,2132,10,1,0
user_283,1859,285,443,1,187,2411,49,0,0
fake_84,61,38,13,0,49,23,2,0,1
fake_963,57,26,8,1,11,128,4,0,1
user_632,531,2761,138,1,57,2255,27,0,0
fake_352,62,23,11,0,42,17,4,0,1
user_980,1584,1023,327,1,243,1671,21,1,0
user_123,287,2105,242,1,81,1418,24,0,0
user_346,1887,2254,78,1,143,722,44,1,0
user_186,1981,1355,78,1,259,488,21,1,0
fake_238,32,1,11,1,45,117,3,0,1
user_695,189,440,447,1,62,965,42,0,0
fake_776,19,47,16,0,18,152,0,0,1
fake_736,84,28,4,0,21,99,1,0,1
fake_105,24,21,1,1,22,154,1,0,1
user_228,1629,2671,437,1,54,1360,17,1,0
fake_914,34,4,4,1,7,176,2,0,1
user_861,1484,2446,424,1,77,1516,8,0,0
user_706,1624,1039,77,1,118,1057,36,0,0
user_905,1382,2035,490,1,159,2743,6,0,0
fake_109,40,38,6,0,40,174,4,0,1
user_267,1633,2995,33,1,69,1059,44,0,0
user_671,1668,1570,121,1,173,2505,39,0,0
fake_993,68,37,8,1,33,176,2,0,1
fake_635,89,15,2,0,4,17,2,0,1
fake_533,25,2,12,0,6,95,4,0,1
fake_193,45,1,12,0,15,87,2,0,1
fake_375,38,33,4,0,24,34,2,0,1
user_545,1102,1989,155,1,287,821,33,0,0
user_254,1950,1967,447,1,135,1341,45,0,0
fake_539,90,25,6,0,21,172,3,0,1
user_606,1570,504,227,1,240,2427,40,0,0
fake_646,70,48,1,1,41,76,2,0,1
fake_842,29,24,5,1,46,133,3,0,1
user_701,517,1571,219,1,272,638,7,0,0
user_125,592,1940,60,1,275,2188,39,1,0
fake_261,45,8,1,1,6,139,1,0,1
user_613,1779,1436,171,1,146,2714,8,0,0
user_711,1499,664,234,1,74,518,18,0,0
user_322,863,1042,139,1,196,1937,11,0,0
user_478,669,478,493,1,56,2370,25,0,0
fake_699,18,6,12,0,46,50,4,0,1
fake_673,66,5,5,1,38,6,0,0,1
user_933,1827,327,250,1,250,2180,27,0,0
user_62,940,2281,320,1,159,1091,42,0,0
user_566,1943,2729,90,1,137,995,12,0,0
user_281,1689,1654,280,1,181,2335,6,0,0
fake_269,15,19,16,0,46,78,1,0,1
fake_560,53,1,6,1,35,38,4,0,1
user_164,904,175,166,1,67,1822,34,0,0
fake_515,51,12,6,1,20,115,0,0,1
user_909,1135,1186,168,1,176,881,29,0,0
fake_664,76,38,15,1,36,161,1,0,1
user_978,894,1873,210,1,135,1522,25,1,0
fake_901,71,48,1,1,28,133,1,0,1
user_628,1327,1383,68,1,60,2056,44,0,0
fake_778,24,2,8,0,8,124,3,0,1
user_634,650,455,484,1,269,2972,5,0,0
fake_371,85,12,5,0,38,14,1,0,1
user_928,639,621,240,1,150,2627,25,1,0
user_737,1818,808,74,1,265,2739,19,0,0
user_318,563,1938,194,1,73,906,41,0,0
fake_325,9,36,6,1,15,6,0,0,1
fake_73,73,1,9,1,37,45,4,0,1
user_788,497,2661,350,1,250,2352,36,1,0
user_686,111,538,89,1,168,713,30,1,0
user_120,891,1099,281,1,144,739,11,1,0
user_705,925,2691,400,1,76,2368,26,0,0
user_594,901,637,412,1,263,2901,12,0,0
fake_686,86,28,8,0,49,57,0,0,1
fake_460,39,15,16,1,28,72,4,0,1
fake_863,98,38,18,1,23,102,3,0,1
fake_164,25,10,9,1,12,109,2,0,1
fake_946,49,32,11,1,16,95,2,0,1
fake_199,61,1,6,0,29,176,4,0,1
user_884,179,405,62,1,113,889,28,0,0
fake_779,27,25,19,1,47,146,1,0,1
fake_444,71,48,7,0,27,88,4,0,1
fake_230,74,36,9,0,9,79,3,0,1
user_93,1895,1539,252,1,243,993,32,1,0
user_73,997,1956,420,1,235,1300,21,1,0
fake_48,22,40,19,1,28,26,4,0,1
fake_666,26,25,5,1,18,120,4,0,1
user_18,1787,299,467,1,237,1578,46,0,0
fake_52,31,9,18,0,22,73,3,0,1
user_995,1560,2030,455,1,110,1185,49,0,0
user_396,1056,405,237,1,294,1214,32,0,0
user_662,596,1508,444,1,89,2774,22,0,0
user_87,1511,142,435,1,130,1274,42,0,0
user_321,759,2240,324,1,131,389,33,0,0
fake_60,51,25,13,0,14,105,4,0,1
user_133,620,575,103,1,250,2406,27,0,0
fake_220,70,25,11,0,34,90,4,0,1
user_130,164,688,197,1,217,2435,16,0,0
user_158,1156,763,31,1,168,1294,27,1,0
user_237,732,2423,144,1,147,2932,29,0,0
user_757,175,389,267,1,100,1755,34,0,0
user_290,1807,1620,306,1,262,2749,23,0,0
user_588,1112,2139,394,1,263,2976,19,0,0
fake_362,84,33,10,1,15,172,4,0,1
fake_433,84,46,15,0,40,18,4,0,1
fake_888,61,47,19,1,17,19,2,0,1
user_256,1795,2942,353,1,139,1408,18,0,0
user_715,1120,2285,228,1,175,679,7,0,0
user_170,1060,116,240,1,95,2402,17,1,0
user_324,502,2242,331,1,237,1937,13,0,0
fake_951,73,5,17,1,41,131,2,0,1
user_783,208,1375,277,1,297,1903,39,0,0
user_954,549,812,265,1,154,2799,48,0,0
user_677,1958,2758,251,1,247,2583,36,0,0
user_683,1679,2563,155,1,61,2868,10,0,0
fake_961,69,20,9,0,4,161,2,0,1
fake_161,51,3,17,1,8,119,1,0,1
fake_684,30,9,12,0,10,84,2,0,1
fake_952,78,34,18,0,38,113,3,0,1
fake_813,82,1,17,1,31,12,3,0,1
fake_729,20,10,11,1,27,146,4,0,1
user_454,1868,2253,384,1,129,1489,7,0,0
user_862,1124,2212,471,1,261,2302,42,0,0
fake_597,24,45,1,0,44,107,4,0,1
user_751,1142,321,134,1,210,1946,32,0,0
fake_338,85,46,12,0,5,53,4,0,1
fake_337,84,40,1,1,28,26,2,0,1
user_47,289,2532,414,1,136,365,36,0,0
user_205,640,1210,464,1,146,1767,47,1,0
fake_903,94,21,13,1,44,28,3,0,1
user_250,1942,703,259,1,62,2658,26,0,0
user_377,1543,2166,355,1,139,2956,17,0,0
fake_456,35,40,1,0,24,46,2,0,1
user_225,1921,2601,247,1,121,1273,30,1,0
user_490,589,1751,301,1,248,1304,31,1,0
fake_419,31,35,1,1,31,49,4,0,1
fake_174,96,45,9,0,9,23,1,0,1
user_382,1350,2647,27,1,110,1024,14,0,0
user_319,1472,1096,223,1,211,943,23,0,0
user_102,1095,2443,213,1,154,2831,47,0,0
fake_718,9,5,5,1,5,26,1,0,1
user_920,1245,1399,279,1,113,2971,9,0,0
user_766,1629,2031,485,1,199,2883,25,0,0
user_3,1394,2554,91,1,154,2505,29,0,0
fake_612,3,4,15,1,12,158,4,0,1
user_851,752,503,257,1,199,925,32,1,0
user_447,1343,1234,121,1,184,1994,28,0,0
user_963,1115,2176,408,1,87,386,43,0,0
fake_556,8,43,8,0,22,100,1,0,1
fake_426,51,17,10,1,45,25,4,0,1
user_196,1120,1783,226,1,292,1888,32,0,0
user_581,840,491,191,1,70,825,48,0,0
user_74,1463,2208,95,1,54,1472,13,0,0
user_700,1121,2785,249,1,299,1994,32,0,0
user_162,1697,1304,262,1,282,2013,20,0,0
user_236,1406,1718,265,1,155,1363,47,1,0
user_790,733,1644,199,1,173,1899,16,0,0
user_470,1284,1039,112,1,299,2622,23,1,0
user_795,334,275,485,1,177,670,12,0,0
user_323,1054,2762,63,1,208,2413,32,0,0
user_825,1956,1983,418,1,268,2117,6,1,0
fake_628,16,40,4,0,40,124,4,0,1
fake_563,98,12,10,0,47,40,1,0,1
fake_564,68,45,10,0,39,8,2,0,1
fake_859,16,29,3,0,15,69,3,0,1
fake_21,78,26,4,0,42,63,1,0,1
fake_890,17,43,12,1,11,17,1,0,1
fake_810,80,34,1,0,15,60,2,0,1
fake_211,15,47,9,0,23,44,4,0,1
user_935,1058,1937,82,1,186,725,44,1,0
user_729,195,1499,306,1,170,1025,49,0,0
user_949,1717,2403,202,1,231,2353,5,0,0
user_400,900,176,133,1,95,1829,26,0,0
fake_247,99,7,4,0,17,81,4,0,1
user_599,1724,780,491,1,174,2773,15,0,0
user_291,829,2610,414,1,103,1245,7,0,0
fake_908,37,17,14,1,35,165,4,0,1
fake_868,31,30,17,1,34,2,0,0,1
user_820,1545,830,355,1,256,1499,45,0,0
user_2,960,1218,46,1,162,805,34,0,0
user_881,1952,2654,409,1,258,2695,14,0,0
user_437,1952,925,92,1,266,1270,39,1,0
user_97,501,1478,96,1,98,2300,15,0,0
user_493,1227,1970,469,1,203,1186,15,1,0
fake_876,26,19,14,0,30,68,1,0,1
user_60,746,2997,51,1,107,1731,14,0,0
user_432,978,467,180,1,237,835,39,0,0
fake_911,72,6,7,0,43,176,2,0,1
user_504,1941,882,482,1,180,2977,5,0,0
user_416,1145,2468,166,1,53,1032,6,0,0
user_997,1096,842,441,1,55,924,39,0,0
fake_627,89,38,0,1,49,12,3,0,1
user_745,161,2082,22,1,289,1787,12,0,0
user_976,1977,1148,207,1,222,2779,46,1,0
user_926,1439,1043,399,1,97,579,31,0,0
user_224,1463,1679,373,1,193,2895,28,0,0
user_34,121,2950,255,1,137,1937,31,0,0
user_622,1108,2773,183,1,172,984,15,1,0
fake_531,3,31,6,0,23,128,4,0,1
user_996,1146,1905,432,1,61,1026,10,0,0
fake_102,96,36,3,0,14,147,2,0,1
fake_440,34,30,4,1,34,86,4,0,1
fake_410,56,18,11,1,48,62,1,0,1
fake_883,0,38,15,1,46,49,1,0,1
fake_9,44,39,13,1,25,140,1,0,1
fake_294,68,27,19,0,20,28,4,0,1
fake_525,98,4,4,0,24,50,2,0,1
fake_937,78,12,9,1,30,126,0,0,1
fake_693,36,11,2,0,26,154,0,0,1
user_173,1585,1219,202,1,184,1622,49,0,0
user_951,355,736,81,1,223,789,34,0,0
fake_202,24,30,7,1,10,50,3,0,1
fake_740,68,40,12,0,29,80,0,0,1
user_88,1125,721,261,1,272,574,44,1,0
user_391,437,2238,194,1,286,1593,24,1,0
user_455,1160,1542,350,1,193,1890,20,1,0
fake_641,3,7,16,0,18,132,0,0,1
user_282,954,2415,468,1,69,2075,17,0,0
user_600,587,217,397,1,282,2871,12,0,0
user_722,291,88,169,1,165,2766,35,1,0
user_433,1059,2444,188,1,106,2630,35,0,0
user_383,1235,761,360,1,187,524,43,0,0
fake_302,36,41,2,1,19,167,4,0,1
fake_690,22,5,1,0,47,112,4,0,1
fake_114,16,30,5,0,44,115,3,0,1
user_53,1690,1408,293,1,276,2857,15,1,0
user_765,950,195,425,1,177,2845,47,0,0
fake_90,57,26,17,0,13,143,2,0,1
user_602,996,2365,144,1,107,1954,34,1,0
fake_327,16,38,0,1,47,144,2,0,1
fake_407,17,35,6,0,41,76,0,0,1
fake_577,55,12,5,0,11,95,4,0,1
user_593,1874,1451,239,1,128,523,44,0,0
user_675,1736,388,128,1,53,2486,8,0,0
user_649,861,1090,273,1,109,1648,46,0,0
user_849,1574,1675,355,1,151,2657,39,0,0
user_231,1354,896,314,1,181,2685,7,0,0
fake_907,17,23,16,0,14,3,1,0,1
fake_672,35,48,11,0,39,155,3,0,1
user_550,1176,445,165,1,134,1447,24,0,0
user_149,330,1824,146,1,228,1815,13,1,0
fake_490,75,5,15,1,12,134,2,0,1
fake_364,7,0,12,1,41,108,3,0,1
fake_804,54,29,6,0,34,109,4,0,1
user_647,1303,2810,96,1,259,2566,21,0,0
fake_34,37,42,3,0,38,117,4,0,1
user_657,1139,1112,342,1,158,609,44,0,0
user_456,379,1016,148,1,231,1692,9,0,0
fake_152,46,14,6,1,25,44,2,0,1
fake_162,25,2,5,1,40,144,3,0,1
fake_882,48,41,13,1,26,5,2,0,1
fake_119,61,43,5,0,18,96,4,0,1
fake_945,4,8,14,1,23,74,4,0,1
fake_541,76,8,10,1,34,95,3,0,1
user_759,554,2674,340,1,131,2347,17,0,0
fake_513,74,24,6,0,46,84,1,0,1
user_19,230,723,447,1,281,1524,36,0,0
fake_186,25,38,18,0,10,31,2,0,1
fake_959,94,9,17,0,19,69,1,0,1
user_424,1899,986,109,1,106,1840,47,0,0
fake_179,75,46,7,0,28,175,1,0,1
user_535,249,196,353,1,77,2467,40,0,0
user_6,1824,100,492,1,169,1812,5,0,0
fake_228,67,0,1,1,20,165,4,0,1
user_392,1829,1034,309,1,247,1859,41,1,0
user_44,799,2895,405,1,126,1271,44,0,0
fake_252,78,7,8,0,45,108,3,0,1
user_639,456,1812,438,1,121,721,38,1,0
user_410,1156,1695,347,1,123,2325,33,0,0
user_387,252,2399,371,1,156,2820,36,0,0
fake_509,31,41,19,0,19,130,4,0,1
user_496,345,827,136,1,177,720,9,1,0
fake_279,11,37,0,1,12,46,4,0,1
fake_753,49,34,6,0,7,115,3,0,1
fake_14,76,24,3,0,27,126,0,0,1
fake_142,81,26,9,1,38,13,3,0,1
fake_696,16,21,2,1,32,61,0,0,1
user_76,1490,2945,65,1,143,696,47,0,0
fake_875,85,49,0,0,44,97,3,0,1
user_799,687,2850,425,1,235,1799,47,0,0
user_532,674,379,489,1,110,1889,41,0,0
fake_108,37,4,16,0,40,15,2,0,1
user_512,135,377,321,1,138,751,26,1,0
fake_637,61,6,13,0,0,129,3,0,1
fake_967,14,48,3,1,6,112,3,0,1
user_409,739,1686,494,1,198,2164,44,0,0
fake_123,80,15,14,1,18,19,2,0,1
fake_594,17,20,3,1,30,87,2,0,1
fake_625,38,41,16,0,39,11,4,0,1
fake_960,33,23,17,1,14,10,2,0,1
user_247,417,608,301,1,115,631,13,0,0
user_208,1283,292,312,1,240,1942,37,0,0
user_364,1222,1950,242,1,53,996,22,0,0
fake_689,78,21,9,0,42,7,3,0,1
fake_757,96,41,19,0,23,176,3,0,1
fake_45,96,38,1,1,12,108,3,0,1
fake_24,63,35,7,0,36,105,2,0,1
user_460,280,197,108,1,254,1743,29,0,0
fake_2,0,37,12,0,28,7,4,0,1
fake_166,45,37,11,0,4,134,1,0,1
user_37,956,484,28,1,118,1220,32,0,0
fake_593,94,17,13,1,18,178,0,0,1
user_204,1294,2920,461,1,238,1185,12,1,0
fake_416,73,44,10,1,3,117,2,0,1
fake_574,52,6,0,1,18,179,3,0,1
user_136,747,2175,270,1,108,1768,28,0,0
user_132,1962,775,337,1,232,2972,46,0,0
fake_390,61,47,16,1,33,7,3,0,1
user_66,700,118,444,1,192,1712,7,1,0
user_898,1428,1624,286,1,245,815,24,0,0
fake_988,87,19,14,0,46,3,4,0,1
user_989,575,1732,271,1,215,2670,30,0,0
fake_909,58,48,8,0,12,143,4,0,1
fake_800,43,1,15,0,0,70,0,0,1
fake_387,85,25,15,1,44,20,1,0,1
fake_8,5,36,6,0,37,151,4,0,1
fake_931,22,13,10,1,6,89,2,0,1
user_417,849,985,306,1,175,997,12,0,0
user_28,1315,812,172,1,249,682,29,1,0
fake_436,46,25,19,0,29,149,4,0,1
fake_76,50,31,18,0,11,9,4,0,1
fake_638,37,25,11,1,43,157,2,0,1
user_265,663,1723,400,1,230,1228,15,0,0
fake_652,30,27,11,0,22,58,2,0,1
user_661,357,221,186,1,156,884,25,0,0
user_284,1348,2019,479,1,73,1267,19,0,0
fake_897,48,31,12,1,21,65,1,0,1
user_327,246,2047,226,1,98,1012,33,1,0
user_172,712,2206,328,1,287,2860,27,0,0
fake_727,59,4,19,1,3,143,1,0,1
fake_949,17,18,13,0,10,142,0,0,1
user_199,584,2721,351,1,93,1666,43,0,0
fake_322,37,1,3,0,49,54,4,0,1
fake_453,65,46,2,0,42,26,4,0,1
user_500,1805,2184,31,1,107,2461,45,0,0
fake_234,48,12,4,1,19,101,2,0,1
fake_944,11,17,12,0,21,174,1,0,1
user_357,1775,1915,318,1,252,2523,20,0,0
fake_815,62,30,9,0,19,175,1,0,1
fake_990,51,1,1,0,13,84,0,0,1
user_361,1114,1982,304,1,210,2707,16,0,0
fake_136,73,44,19,0,29,111,3,0,1
fake_853,17,18,3,1,45,29,2,0,1
fake_10,96,47,9,0,10,172,3,0,1
fake_146,48,46,3,1,4,48,2,0,1
user_977,926,2981,414,1,116,1802,46,0,0
user_896,146,2769,149,1,271,2931,27,1,0
user_161,506,1346,320,1,61,1419,27,0,0
user_508,927,2057,62,1,265,2180,19,0,0
fake_873,59,7,0,0,28,42,3,0,1
fake_587,82,35,19,1,9,166,1,0,1
fake_503,75,13,6,0,15,78,0,0,1
fake_394,37,6,16,0,37,70,2,0,1
fake_443,87,13,10,0,3,9,0,0,1
user_893,1655,1104,437,1,282,1247,48,0,0
fake_110,44,17,13,0,48,129,0,0,1
fake_446,43,1,11,0,25,46,3,0,1
user_374,727,2005,145,1,124,2443,36,0,0
user_0,1226,763,290,1,91,1855,40,1,0
fake_966,43,29,9,0,5,32,2,0,1
fake_280,51,27,14,0,27,15,0,0,1
fake_517,40,13,8,0,33,123,3,0,1
fake_924,24,32,3,0,26,120,3,0,1
fake_607,42,8,0,1,5,177,3,0,1
fake_116,56,14,5,1,43,52,1,0,1
fake_223,44,25,7,1,1,92,4,0,1
fake_565,97,4,6,1,16,8,2,0,1
fake_163,88,28,3,0,41,10,2,0,1
fake_324,40,21,15,0,8,12,0,0,1
fake_464,18,6,17,1,6,157,4,0,1
fake_788,96,41,11,0,44,128,1,0,1
fake_514,73,37,0,0,11,178,4,0,1
fake_950,65,26,4,1,6,112,0,0,1
fake_372,20,9,2,0,8,133,3,0,1
user_107,555,1886,141,1,239,1601,5,0,0
fake_93,70,37,18,1,22,74,4,0,1
user_972,952,88,192,1,77,1314,44,0,0
fake_552,11,22,7,1,36,126,1,0,1
user_967,245,1503,493,1,228,1033,35,0,0
user_808,1297,1093,68,1,166,636,36,1,0
fake_77,63,19,15,1,30,145,1,0,1
fake_847,72,40,18,0,27,174,0,0,1
user_636,1412,1362,451,1,213,2858,35,0,0
fake_339,3,2,12,1,25,109,1,0,1
fake_210,5,5,15,0,1,97,4,0,1
fake_535,36,49,6,0,31,61,1,0,1
user_776,1592,2091,311,1,261,1714,35,0,0
user_656,615,74,165,1,180,2199,13,0,0
user_238,727,1483,287,1,284,1672,7,1,0
fake_794,39,16,18,0,6,156,0,0,1
user_380,1975,1915,399,1,298,1954,11,0,0
fake_133,54,4,10,0,30,138,1,0,1
fake_107,42,46,14,1,9,29,2,0,1
fake_585,4,11,19,1,6,98,1,0,1
fake_975,85,34,18,0,20,99,4,0,1
fake_449,86,13,6,0,5,165,1,0,1
user_297,1562,2367,477,1,223,1307,47,0,0
fake_769,57,30,16,0,43,58,3,0,1
fake_812,18,48,19,0,2,93,1,0,1
user_331,1943,247,464,1,199,911,35,0,0
fake_974,85,11,16,1,3,172,0,0,1
user_343,1421,1304,54,1,225,2457,15,1,0
fake_976,73,48,18,1,30,33,0,0,1
user_537,669,1621,471,1,92,2424,15,0,0
fake_723,68,17,1,0,15,107,0,0,1
fake_670,93,37,13,1,20,129,0,0,1
fake_7,17,3,13,0,5,174,3,0,1
fake_834,80,4,14,0,23,11,3,0,1
fake_181,55,0,6,1,40,55,4,0,1
user_85,1685,1937,221,1,161,2361,6,0,0
user_101,301,573,122,1,127,632,11,0,0
fake_340,81,45,3,1,10,29,3,0,1
fake_25,90,39,19,0,47,53,0,0,1
fake_604,60,7,4,0,15,150,0,0,1
user_426,126,2341,239,1,119,2553,31,0,0
user_109,1850,2346,125,1,59,413,18,0,0
user_555,1226,1329,109,1,106,2569,49,1,0
user_342,1538,527,138,1,68,1678,17,0,0
user_175,1892,2325,326,1,285,2674,44,0,0
user_163,1851,2183,141,1,224,2265,7,0,0
user_195,663,2374,466,1,256,2843,46,0,0
user_880,272,412,466,1,217,1841,44,0,0
user_241,1382,1860,37,1,198,2576,47,0,0
user_965,473,619,32,1,298,2327,25,0,0
user_394,1286,877,330,1,158,1400,16,0,0
fake_218,89,20,15,0,12,74,4,0,1
user_303,393,2948,276,1,66,2114,13,0,0
user_826,1465,1430,424,1,200,2975,44,0,0
user_113,395,2336,379,1,140,1893,42,0,0
fake_751,18,45,4,0,34,171,2,0,1
fake_222,25,43,10,1,7,76,2,0,1
user_298,302,1901,112,1,53,2089,36,0,0
user_824,1488,629,92,1,183,1579,25,0,0
fake_58,60,2,17,0,10,151,1,0,1
fake_55,42,15,7,1,15,145,3,0,1
fake_16,78,12,12,0,30,21,3,0,1
user_390,977,2315,105,1,167,2672,28,0,0
user_841,1305,1468,272,1,127,1045,47,0,0
user_21,1432,2215,43,1,77,768,10,0,0
user_584,1953,854,381,1,176,1371,42,0,0
fake_636,48,22,15,0,11,163,3,0,1
user_840,975,1610,300,1,79,1127,30,1,0
user_304,379,127,152,1,168,1047,32,0,0
fake_283,70,30,15,1,7,115,4,0,1
fake_970,49,15,3,1,47,83,0,0,1
user_663,995,151,260,1,279,372,17,0,0
fake_155,78,47,1,0,29,44,4,0,1
user_785,1165,1135,268,1,96,2079,38,1,0
fake_601,35,49,5,1,23,113,4,0,1
fake_463,41,28,19,0,32,125,3,0,1
user_654,1115,1689,282,1,56,1661,21,0,0
user_651,541,1290,277,1,247,1247,19,0,0
fake_771,20,25,6,1,6,121,1,0,1
user_9,221,1519,328,1,178,1820,11,0,0
fake_431,70,43,4,0,30,19,4,0,1
fake_492,74,28,15,1,36,143,1,0,1
user_89,1121,2019,372,1,185,927,40,1,0
user_541,781,563,176,1,226,2785,47,0,0
user_710,512,1516,149,1,245,2157,10,0,0
user_873,1033,2433,160,1,293,1123,38,0,0
fake_427,86,21,9,0,15,128,1,0,1
user_630,317,104,245,1,61,2684,39,0,0
user_459,401,738,474,1,266,1941,23,0,0
fake_462,67,11,2,1,11,28,0,0,1
user_189,1584,2412,221,1,262,2408,46,0,0
user_970,276,2050,200,1,248,2432,5,0,0
user_990,808,2026,101,1,55,777,17,0,0
fake_711,6,12,8,0,16,176,1,0,1
fake_849,50,32,4,0,41,97,4,0,1
fake_816,41,32,3,1,13,112,4,0,1
user_670,479,379,237,1,209,2242,11,0,0
fake_671,29,1,3,0,35,13,4,0,1
fake_227,51,15,14,1,43,108,1,0,1
user_812,1516,1964,448,1,191,2574,44,0,0
fake_94,12,1,16,0,44,148,2,0,1
user_75,191,810,396,1,54,1501,10,0,0
fake_20,96,12,17,0,14,15,2,0,1
fake_818,58,29,3,1,25,155,1,0,1
fake_393,50,40,15,0,1,24,4,0,1
fake_80,79,15,17,1,16,131,0,0,1
fake_754,32,47,9,0,17,64,1,0,1
fake_857,11,34,3,1,13,60,0,0,1
user_481,785,2115,475,1,192,1561,46,0,0
fake_315,71,24,3,1,9,77,4,0,1
user_59,1942,846,185,1,281,538,34,0,0
user_952,808,334,238,1,96,2333,15,0,0
fake_478,17,8,16,0,12,141,1,0,1
fake_350,50,9,19,0,24,5,1,0,1
fake_288,83,23,4,0,27,67,4,0,1
user_878,784,1754,496,1,110,2751,30,0,0
user_355,1427,566,235,1,269,1401,15,0,0
user_375,686,843,320,1,152,2749,32,0,0
user_484,1411,1444,349,1,297,2116,29,0,0
fake_353,56,27,4,0,3,160,4,0,1
user_667,1787,1686,321,1,296,1994,48,0,0
user_399,1703,1913,433,1,84,2104,41,0,0
fake_839,3,37,6,0,35,148,1,0,1
user_635,1735,2166,169,1,90,2220,35,0,0
fake_843,75,1,1,0,14,151,2,0,1
fake_434,1,38,13,0,16,121,1,0,1
fake_998,76,32,1,0,4,20,2,0,1
user_971,1902,2494,357,1,141,2965,26,1,0
fake_244,20,24,19,1,5,112,0,0,1
user_139,1262,575,478,1,299,2852,36,1,0
fake_722,76,2,0,0,15,48,3,0,1
user_918,472,724,116,1,84,2609,25,1,0
fake_827,99,40,2,0,0,47,4,0,1
fake_397,9,19,7,0,21,54,0,0,1
user_393,921,1689,212,1,130,1854,24,0,0
fake_786,92,20,8,1,4,116,3,0,1
user_915,1071,497,99,1,225,414,19,0,0
fake_919,29,28,15,1,35,118,1,0,1
user_352,980,2293,295,1,112,2734,16,0,0
fake_584,14,41,4,0,10,24,0,0,1
user_664,259,2963,478,1,210,2890,20,0,0
fake_658,54,17,5,0,38,34,2,0,1
user_623,193,1186,477,1,227,2743,32,1,0
user_728,1108,542,496,1,221,1311,17,1,0
fake_501,89,15,12,0,19,9,4,0,1
user_734,136,595,465,1,157,1064,40,1,0
user_118,978,97,409,1,230,2046,32,0,0
fake_735,29,27,3,1,6,87,2,0,1
fake_692,15,38,14,1,44,26,4,0,1
user_910,1453,1306,348,1,232,2981,24,0,0
user_964,1924,2556,84,1,69,518,35,0,0
user_934,601,1269,197,1,238,2750,7,1,0
user_891,1350,875,24,1,102,2840,16,0,0
user_450,1169,112,101,1,269,2111,36,0,0
fake_700,29,39,19,0,5,81,2,0,1
fake_714,33,34,19,1,18,54,1,0,1
fake_878,75,49,19,1,48,75,1,0,1
fake_348,5,0,14,0,11,53,0,0,1
fake_648,1,4,9,1,25,109,3,0,1
user_258,1595,2356,394,1,103,922,23,0,0
fake_475,33,4,1,0,15,59,4,0,1
user_372,1243,2724,170,1,127,1441,34,1,0
user_828,1780,1690,85,1,140,2901,43,0,0
fake_420,25,3,5,0,34,169,4,0,1
user_206,1159,808,43,1,233,2755,13,0,0
fake_956,70,24,10,0,20,126,3,0,1
fake_254,22,19,17,0,17,172,3,0,1
user_655,1448,2139,104,1,129,983,36,0,0
fake_766,56,22,0,1,27,173,0,0,1
user_403,915,1063,45,1,118,2249,36,0,0
user_943,1024,2498,489,1,57,2734,49,0,0
user_217,1697,1805,196,1,74,503,17,1,0
fake_441,50,8,17,1,28,13,1,0,1
fake_668,79,0,9,0,23,57,2,0,1
user_883,1272,1243,368,1,58,1364,7,0,0
fake_865,80,46,5,0,12,95,0,0,1
user_218,1112,124,454,1,177,723,5,0,0
fake_363,83,10,4,0,42,6,2,0,1
user_502,637,1873,323,1,131,2466,26,0,0
user_148,1613,2460,22,1,81,1807,25,0,0
user_601,1360,659,140,1,217,2660,33,0,0
user_621,1170,2108,422,1,138,857,35,1,0
fake_483,53,17,18,1,10,89,2,0,1
fake_821,16,27,17,0,35,62,4,0,1
fake_530,64,41,1,0,14,134,2,0,1
fake_713,67,33,7,1,5,9,3,0,1
fake_701,44,49,9,0,43,150,3,0,1
fake_841,68,49,8,0,19,68,0,0,1
fake_921,38,13,1,0,16,34,1,0,1
fake_415,26,42,11,0,49,77,4,0,1
user_144,518,1076,333,1,207,2971,46,1,0
user_33,1437,1302,401,1,136,1732,13,0,0
user_988,617,133,131,1,136,2920,21,0,0
fake_316,87,2,11,0,14,85,1,0,1
user_381,353,2969,394,1,293,1952,26,0,0
user_495,1934,849,431,1,169,1453,48,0,0
user_816,1317,2159,177,1,88,374,42,0,0
user_544,1177,2806,310,1,247,671,12,0,0
fake_622,68,26,9,0,36,107,0,0,1
user_476,1858,2767,447,1,210,1847,9,0,0
user_676,1391,1849,55,1,271,2001,29,0,0
fake_150,81,27,1,0,25,149,3,0,1
fake_866,0,2,9,1,8,105,4,0,1
user_629,1011,147,127,1,297,1970,28,0,0
user_320,1894,624,184,1,207,1453,48,0,0
fake_938,87,17,15,0,15,134,0,0,1
fake_139,41,26,13,1,35,77,0,0,1
user_876,157,2668,39,1,215,1357,46,0,0
fake_962,44,10,1,1,12,141,4,0,1
fake_430,63,35,19,0,24,5,0,0,1
fake_197,60,4,11,0,19,43,0,0,1
user_169,1670,1653,411,1,185,1543,27,0,0
user_165,198,2909,74,1,198,1764,26,0,0
user_720,556,232,135,1,270,1581,29,0,0
fake_212,19,48,18,0,30,170,2,0,1
fake_468,57,4,3,0,5,77,4,0,1
fake_88,63,5,2,1,32,64,3,0,1
fake_221,32,37,5,0,43,67,3,0,1
fake_271,33,36,5,1,34,130,0,0,1
user_733,1859,788,125,1,157,1497,21,0,0
fake_256,47,45,14,1,46,51,0,0,1
fake_809,72,4,0,1,42,109,1,0,1
user_576,930,1831,471,1,112,2774,33,0,0
user_574,756,286,55,1,241,1959,46,0,0
fake_537,92,28,10,0,4,13,3,0,1
fake_968,77,15,5,0,25,24,1,0,1
user_726,1671,2819,472,1,260,1073,26,0,0
user_56,1628,808,357,1,182,1352,15,0,0
user_590,1181,90,137,1,169,2088,24,1,0
fake_933,19,19,5,0,40,4,1,0,1
user_129,1936,352,347,1,66,1429,8,0,0
fake_807,76,20,16,0,25,69,4,0,1
user_340,572,1362,304,1,149,552,16,1,0
user_251,1357,369,497,1,186,2807,20,0,0
fake_137,16,19,9,0,42,90,4,0,1
fake_156,26,30,6,1,29,78,1,0,1
user_214,677,1296,463,1,88,1368,5,0,0
user_741,966,1964,419,1,125,826,12,0,0
user_150,1117,1581,316,1,223,1867,10,1,0
fake_205,15,11,18,0,25,22,3,0,1
fake_141,44,44,7,0,23,132,2,0,1
fake_235,11,15,0,1,9,108,0,0,1
user_351,1695,1327,31,1,195,526,34,0,0
fake_887,95,23,9,0,43,146,3,0,1
fake_303,8,35,10,0,22,47,3,0,1
user_253,763,1878,317,1,213,840,48,0,0
user_921,1471,2564,122,1,287,816,10,0,0
user_486,1786,2599,449,1,197,2192,15,0,0
fake_759,92,42,9,1,11,151,4,0,1
user_348,445,1170,180,1,162,1454,49,0,0
fake_899,81,14,16,1,38,53,2,0,1
user_956,923,997,98,1,75,2510,43,1,0
user_145,388,1696,41,1,261,2175,43,0,0
user_386,198,395,176,1,254,417,8,0,0
fake_87,80,10,18,1,39,72,1,0,1
user_578,1727,2591,282,1,241,1782,15,0,0
fake_354,11,35,8,0,27,102,2,0,1
user_618,1408,78,221,1,216,1906,27,0,0
fake_389,73,36,9,0,35,164,1,0,1
user_334,1763,2488,353,1,125,1306,30,0,0
fake_346,73,25,14,1,42,106,4,0,1
user_402,1400,1978,164,1,292,1629,25,1,0
user_489,254,2211,104,1,225,2738,22,0,0
user_336,437,2651,476,1,107,2379,46,0,0
user_603,1395,1822,189,1,77,2061,14,0,0
user_768,243,481,250,1,118,945,25,0,0
user_210,1822,1113,239,1,68,1804,7,0,0
fake_435,17,28,7,0,46,32,2,0,1
fake_149,3,22,16,1,28,140,4,0,1
user_616,1209,1444,79,1,276,2415,42,0,0
fake_201,48,37,15,0,41,145,4,0,1
fake_183,2,34,13,0,21,67,0,0,1
user_7,1144,734,164,1,186,506,49,1,0
user_853,1343,1761,455,1,298,2268,46,0,0
fake_476,52,44,3,1,7,47,2,0,1
user_960,976,78,333,1,281,2024,32,1,0
fake_312,20,22,6,0,21,149,1,0,1
user_762,834,425,168,1,234,2377,34,0,0
fake_281,93,47,13,0,0,130,3,0,1
fake_95,14,21,16,0,14,105,3,0,1
user_968,323,787,261,1,181,1883,29,0,0
user_249,1348,2187,119,1,161,2073,33,0,0
user_946,1670,71,248,1,224,1800,9,0,0
user_888,863,2104,170,1,138,1255,20,1,0
user_325,1469,1298,175,1,109,505,32,0,0
user_660,1882,157,144,1,163,1635,31,0,0
user_333,1028,2676,389,1,158,1166,25,0,0
fake_797,54,11,6,0,22,167,2,0,1
user_692,134,450,149,1,294,2958,29,0,0
fake_927,65,16,8,0,3,69,0,0,1
user_419,137,2758,161,1,88,2007,37,0,0
fake_310,20,26,6,0,22,154,4,0,1
user_533,1313,824,294,1,110,1029,42,0,0
user_959,1374,1080,490,1,199,1902,12,0,0
user_771,1222,2682,291,1,143,545,23,1,0
user_539,404,2797,71,1,216,1084,48,0,0
fake_917,13,25,10,1,13,159,4,0,1
user_479,1446,1550,286,1,119,2381,16,0,0
fake_479,56,48,7,1,28,78,1,0,1
user_573,1782,2649,459,1,148,1917,21,1,0
fake_763,9,31,9,0,27,87,0,0,1
user_638,1857,800,162,1,134,1527,46,1,0
fake_579,50,25,9,0,36,28,0,0,1
fake_923,63,48,0,1,28,62,2,0,1
fake_506,39,41,16,0,11,21,4,0,1
user_950,982,753,405,1,125,1856,44,0,0
fake_266,65,28,6,1,14,72,0,0,1
fake_19,25,13,13,1,15,42,4,0,1
user_227,1763,996,354,1,157,2551,11,1,0
fake_308,16,24,10,0,25,121,2,0,1
fake_388,43,32,7,0,25,111,4,0,1
user_466,290,2658,162,1,233,1237,14,0,0
user_690,598,1089,68,1,158,1826,43,0,0
fake_98,59,14,5,1,18,53,1,0,1
user_211,1366,278,383,1,72,1126,14,0,0
user_152,1151,2836,381,1,169,2807,39,0,0
fake_867,78,19,4,0,14,125,4,0,1
user_411,787,2517,364,1,241,2802,11,0,0
fake_603,8,29,12,0,6,166,3,0,1
fake_870,14,23,9,0,32,113,4,0,1
user_698,1069,186,168,1,205,2816,34,0,0
user_234,1508,1508,390,1,273,2149,5,0,0
fake_132,17,15,1,1,1,83,2,0,1
user_418,1793,1984,483,1,280,2989,15,1,0
user_506,507,2856,247,1,267,2465,8,1,0
user_10,566,498,27,1,179,2240,13,0,0
user_991,1986,1460,251,1,263,1453,21,0,0
fake_1,83,23,5,0,45,88,2,0,1
fake_56,6,44,10,1,42,63,1,0,1
user_730,1787,1181,322,1,188,2511,46,0,0
fake_895,17,49,16,0,29,107,2,0,1
fake_582,14,42,0,1,6,93,1,0,1
user_520,1071,2588,322,1,227,1766,16,0,0
fake_69,20,10,6,0,22,4,3,0,1
user_308,297,1822,479,1,63,641,29,0,0
fake_532,10,32,10,0,20,104,2,0,1
user_415,1498,616,20,1,139,1545,22,0,0
user_547,712,1459,125,1,147,695,30,0,0
fake_28,60,16,2,1,40,57,2,0,1
fake_573,67,29,8,0,43,173,3,0,1
fake_939,88,22,11,0,9,155,1,0,1
user_518,499,1361,126,1,218,2821,47,0,0
user_92,1229,1078,308,1,122,2866,19,0,0
fake_167,91,10,15,0,28,19,4,0,1
user_127,1280,1765,223,1,59,2607,9,0,0
user_314,1324,1368,303,1,104,421,43,0,0
user_423,537,166,380,1,73,792,16,0,0
fake_488,89,24,14,0,17,44,2,0,1
user_194,1364,2759,457,1,144,423,13,1,0
user_54,1367,1069,497,1,201,2317,7,1,0
fake_239,12,26,7,0,33,106,3,0,1
fake_862,74,21,15,0,14,152,1,0,1
user_99,1679,2742,173,1,175,2670,8,1,0
user_370,251,179,313,1,247,801,34,0,0
fake_677,75,41,17,0,13,151,0,0,1
fake_64,70,41,2,1,48,175,0,0,1
user_96,802,2631,436,1,244,751,26,0,0
user_939,1847,2289,275,1,275,1962,15,0,0
fake_900,43,35,16,0,46,135,1,0,1
fake_796,24,2,14,0,17,99,1,0,1
fake_63,9,9,8,0,0,15,4,0,1
fake_792,20,27,8,1,28,120,3,0,1
user_659,435,1302,393,1,76,1294,30,0,0
user_332,588,1719,423,1,201,2606,7,0,0
user_30,376,2498,225,1,128,2794,19,0,0
fake_57,0,34,4,0,37,55,3,0,1
user_29,1055,1898,241,1,226,1751,32,1,0
user_777,1607,1878,170,1,174,1745,27,1,0
fake_861,87,33,11,0,6,21,0,0,1
user_868,1631,2046,31,1,173,442,35,1,0
fake_629,90,32,12,1,44,78,1,0,1
fake_518,52,32,11,0,6,78,2,0,1
fake_595,79,35,4,0,16,15,3,0,1
fake_370,84,34,6,1,1,20,1,0,1
fake_562,55,17,5,1,25,50,4,0,1
fake_272,43,21,7,1,0,121,0,0,1
user_114,1848,1129,478,1,281,2184,25,0,0
fake_624,0,49,13,1,34,74,1,0,1
fake_702,17,24,5,1,7,141,0,0,1
user_907,570,1598,412,1,218,504,7,0,0
user_187,1677,1811,150,1,51,2096,47,0,0
user_653,868,988,310,1,179,2537,17,0,0
fake_557,11,30,10,0,27,103,0,0,1
user_330,1834,2020,270,1,260,621,27,0,0
fake_311,71,0,13,0,40,150,2,0,1
fake_733,77,0,0,1,16,62,4,0,1
fake_955,67,19,10,0,47,67,2,0,1
user_857,575,1187,44,1,180,556,16,0,0
fake_233,29,30,7,0,31,168,0,0,1
fake_981,47,47,7,0,14,12,1,0,1
fake_437,32,20,18,1,38,10,3,0,1
user_485,953,243,469,1,252,1140,18,0,0
fake_837,39,28,8,0,44,90,0,0,1
fake_608,34,19,13,0,49,68,3,0,1
fake_250,72,37,9,0,24,130,3,0,1
user_882,914,1766,179,1,79,754,23,0,0
fake_287,5,26,12,1,21,69,1,0,1
fake_158,91,8,6,1,42,25,1,0,1
user_312,243,2393,393,1,129,1060,41,1,0
fake_720,41,48,4,1,23,8,1,0,1
fake_148,94,4,0,1,29,60,0,0,1
user_329,963,2201,127,1,159,565,20,0,0
fake_89,58,22,4,1,19,150,4,0,1
user_360,1283,2903,325,1,94,1678,6,1,0
fake_547,79,24,16,0,12,171,3,0,1
user_747,828,367,49,1,205,2965,30,1,0
user_245,1534,162,244,1,268,1505,29,0,0
fake_512,4,47,16,1,18,132,2,0,1
fake_203,9,9,9,1,28,28,0,0,1
user_157,1029,2125,106,1,271,1780,46,0,0
fake_65,89,33,10,0,31,3,4,0,1
fake_91,1,45,0,1,35,123,0,0,1
fake_292,6,48,12,0,3,172,1,0,1
user_140,1622,2796,103,1,266,371,36,0,0
fake_496,85,17,10,0,0,162,4,0,1
user_736,1492,300,140,1,262,2403,5,0,0
fake_566,97,41,1,1,39,104,3,0,1
fake_92,35,5,7,1,4,105,2,0,1
user_562,146,1437,93,1,174,880,41,0,0
user_171,1862,282,138,1,153,727,36,0,0
user_471,1379,2312,492,1,156,761,27,0,0
fake_626,95,28,12,0,1,31,0,0,1
fake_204,79,49,3,0,16,4,0,0,1
user_604,1312,2090,91,1,75,2834,43,0,0
user_17,971,2251,368,1,107,1245,49,0,0
fake_739,16,12,15,0,30,53,0,0,1
user_492,884,880,323,1,219,2900,27,0,0
user_643,1881,2298,30,1,192,2723,29,0,0
fake_828,18,26,6,0,12,2,1,0,1
fake_421,24,35,4,1,9,116,1,0,1
fake_856,82,24,7,0,47,104,0,0,1
user_82,134,2997,111,1,87,2862,13,1,0
user_580,1469,2763,404,1,184,2679,11,0,0
fake_151,19,33,7,0,18,139,3,0,1
user_847,138,1324,340,1,63,1728,40,0,0
fake_276,99,39,14,1,24,111,4,0,1
user_207,624,2996,423,1,52,1311,37,0,0
fake_575,32,5,0,0,9,86,2,0,1
user_57,1254,2178,385,1,197,884,20,0,0
user_305,1960,2671,295,1,120,2198,35,0,0
user_79,1551,1985,99,1,57,1323,32,0,0
fake_368,13,42,14,0,3,110,3,0,1
fake_153,8,31,14,1,36,115,1,0,1
fake_910,8,17,9,0,26,51,1,0,1
user_401,497,653,485,1,203,1355,10,0,0
user_498,1162,1951,173,1,106,2639,45,1,0
user_209,1962,2640,23,1,167,1742,23,1,0
fake_695,78,13,5,0,25,9,3,0,1
user_475,1916,2129,310,1,227,693,32,0,0
user_713,828,1232,277,1,211,1792,39,0,0
fake_112,39,36,16,0,48,107,4,0,1
user_982,204,2946,202,1,211,845,42,0,0
user_528,953,872,290,1,296,2587,34,0,0
fake_35,79,25,18,1,37,170,4,0,1
user_673,790,1391,307,1,156,501,20,0,0
user_277,212,2044,47,1,235,2079,19,1,0
user_274,1051,2426,164,1,105,1079,16,0,0
fake_935,54,18,1,0,43,28,3,0,1
fake_72,96,44,6,0,28,45,0,0,1
fake_291,47,28,18,1,3,2,3,0,1
fake_726,90,11,1,0,20,119,3,0,1
user_902,1636,2062,75,1,51,828,27,1,0
user_703,716,776,86,1,296,480,38,0,0
user_260,1815,739,344,1,258,1970,6,0,0
fake_896,38,12,15,0,25,72,4,0,1
fake_568,57,9,3,1,7,57,2,0,1
user_388,1984,412,377,1,162,1410,27,0,0
fake_805,86,4,18,1,22,65,1,0,1
fake_508,72,44,4,1,47,76,1,0,1
fake_67,29,7,11,0,28,3,2,0,1
fake_246,47,7,7,1,43,36,1,0,1
fake_651,94,12,3,1,2,141,2,0,1
fake_915,81,15,5,0,36,3,1,0,1
fake_409,91,15,15,0,5,166,1,0,1
fake_644,72,27,19,1,2,16,4,0,1
fake_928,77,22,11,1,23,169,2,0,1
fake_687,52,5,8,1,20,166,0,0,1
fake_756,77,30,2,0,44,34,3,0,1
fake_99,21,48,13,1,12,129,4,0,1
user_887,302,749,79,1,101,1023,31,0,0
user_213,1919,969,39,1,79,747,46,0,0
fake_707,83,8,14,1,15,8,3,0,1
user_708,1616,984,361,1,180,2736,12,0,0
fake_730,7,29,19,1,37,96,1,0,1
user_240,1868,2933,256,1,59,1021,33,0,0
fake_500,25,38,11,0,9,116,4,0,1
user_128,114,2816,283,1,64,1544,5,0,0
user_359,1160,1191,236,1,167,2920,30,0,0
fake_886,58,31,6,0,32,162,3,0,1
user_435,552,988,195,1,133,1293,20,0,0
user_526,1923,959,222,1,120,2070,32,0,0
user_724,1812,1422,461,1,227,2325,24,0,0
fake_583,37,48,12,1,13,87,0,0,1
user_867,1314,2137,463,1,122,2900,16,0,0
fake_942,56,38,15,1,28,176,4,0,1
fake_124,16,37,10,1,6,111,1,0,1
fake_659,87,49,17,0,24,70,1,0,1
user_397,1804,1397,446,1,196,718,12,0,0
user_527,826,2832,70,1,135,2087,30,0,0
fake_170,95,20,4,0,26,166,2,0,1
fake_748,37,21,18,1,10,34,4,0,1
user_514,119,2676,398,1,177,2429,33,0,0
user_398,260,2985,477,1,219,1463,5,0,0
user_404,1627,100,155,1,142,2174,39,0,0
user_126,1164,1326,389,1,60,1839,8,0,0
user_781,668,856,380,1,276,2322,5,0,0
fake_321,11,22,10,0,8,59,2,0,1
fake_275,63,40,1,0,18,13,3,0,1
fake_418,41,35,2,0,47,158,2,0,1
fake_129,74,29,10,1,2,35,0,0,1
user_300,222,1364,351,1,106,1502,34,0,0
user_953,1938,765,424,1,64,2077,32,0,0
fake_30,54,1,10,1,34,52,1,0,1
user_451,1496,1052,416,1,63,2040,19,0,0
fake_581,42,5,0,0,40,62,4,0,1
user_869,1492,1822,307,1,168,2189,28,0,0
fake_631,34,36,2,1,41,172,1,0,1
user_591,733,2131,296,1,281,1957,7,0,0
fake_347,97,12,7,0,25,163,0,0,1
fake_374,93,17,6,0,15,40,0,0,1
fake_561,27,31,18,0,32,128,1,0,1
fake_999,82,0,7,1,37,139,3,0,1
user_529,150,993,343,1,82,2062,17,0,0
fake_74,62,5,10,1,32,75,2,0,1
fake_54,81,39,1,1,46,49,3,0,1
fake_820,72,36,12,0,5,88,0,0,1
fake_838,44,19,8,0,2,55,1,0,1
user_116,1872,156,470,1,167,1826,9,0,0
user_748,1465,294,256,1,297,1756,17,0,0
user_222,1743,167,269,1,155,2347,33,0,0
user_482,1915,818,129,1,259,2137,24,1,0
user_607,680,1758,68,1,115,1510,17,1,0
user_961,1128,956,395,1,70,2998,34,0,0
fake_947,41,31,7,0,20,143,2,0,1
fake_130,84,12,7,0,37,107,4,0,1
user_674,1550,265,186,1,150,2833,43,0,0
user_802,1053,1961,361,1,87,2274,15,1,0
user_280,319,1168,248,1,174,968,22,0,0
user_957,897,2478,168,1,101,2191,30,0,0
user_906,755,1297,102,1,135,2289,34,0,0
fake_992,82,27,15,0,19,151,0,0,1
user_307,1733,650,190,1,270,490,19,0,0
fake_454,57,19,5,0,20,46,3,0,1
user_834,1927,2835,295,1,149,771,32,0,0
fake_481,25,35,11,1,23,109,4,0,1
fake_378,86,41,16,1,22,80,1,0,1
fake_554,96,1,4,1,2,140,2,0,1
user_242,1482,773,59,1,177,2274,36,0,0
user_523,1215,214,418,1,176,2877,34,0,0
fake_194,99,17,9,1,3,20,3,0,1
user_865,289,1641,87,1,255,407,13,0,0
user_246,748,2237,374,1,204,2254,32,0,0
user_678,1700,1800,248,1,159,2116,44,1,0
fake_891,45,8,0,0,19,99,4,0,1
user_137,1595,414,402,1,127,2308,29,0,0
user_522,1266,1573,143,1,245,483,24,1,0
user_987,922,918,71,1,121,1447,21,1,0
user_159,1171,1112,416,1,88,1828,21,0,0
user_69,341,1523,233,1,292,958,5,0,0
fake_572,37,36,6,1,30,40,4,0,1
fake_85,26,16,7,0,26,30,0,0,1
user_772,495,448,479,1,64,1045,19,0,0
fake_793,98,44,5,1,5,70,4,0,1
user_315,1247,665,140,1,293,383,36,0,0
fake_81,40,24,12,1,35,26,2,0,1
user_181,970,2692,169,1,138,2897,22,0,0
user_317,1449,2519,440,1,169,477,39,0,0
user_121,316,2901,92,1,193,2485,7,1,0
user_832,1424,1268,485,1,87,2279,23,1,0
fake_830,68,1,0,1,7,167,2,0,1
fake_79,55,49,11,0,19,65,3,0,1
user_640,122,414,495,1,104,1989,13,1,0
user_202,848,2447,232,1,220,2297,32,1,0
user_679,1540,1558,372,1,295,2582,17,0,0
fake_126,93,33,17,1,14,161,2,0,1
fake_916,4,34,16,0,40,73,0,0,1
user_572,1793,570,317,1,187,597,16,0,0
fake_708,51,14,17,1,42,149,0,0,1
user_830,1450,2732,149,1,169,1476,21,0,0
user_156,879,534,31,1,81,2737,9,0,0
user_917,767,2462,271,1,61,1090,29,0,0
fake_758,61,40,9,1,22,12,0,0,1
user_20,1785,487,200,1,70,919,36,0,0
user_58,1608,2230,114,1,70,1223,22,0,0
fake_823,46,10,15,1,4,147,3,0,1
user_72,664,92,60,1,284,2824,46,0,0
user_685,496,1341,398,1,95,1991,17,0,0
user_505,1020,362,319,1,136,1432,11,0,0
user_809,1776,1963,61,1,230,2187,33,1,0
user_469,1027,1809,335,1,131,1401,24,0,0
fake_979,75,42,10,0,24,147,4,0,1
fake_639,22,31,11,1,21,179,1,0,1
user_458,596,1157,329,1,155,1388,14,1,0
fake_674,85,45,10,1,46,97,1,0,1
fake_941,6,32,7,0,5,62,4,0,1
user_412,559,1255,321,1,54,2737,44,0,0
user_63,266,1403,236,1,277,2075,23,0,0
fake_471,79,31,5,0,36,114,2,0,1
fake_749,42,35,2,0,26,157,0,0,1
fake_198,53,8,18,1,24,139,0,0,1
user_425,1406,624,465,1,149,1183,35,1,0
fake_32,79,1,15,0,34,43,2,0,1
fake_545,60,45,12,1,23,16,3,0,1
user_531,1821,2104,160,1,201,2124,6,0,0
user_271,1236,370,149,1,272,2819,12,0,0
user_188,991,2025,431,1,78,1150,36,0,0
user_142,491,932,407,1,71,1956,40,0,0
user_782,1162,1513,360,1,217,576,48,0,0
fake_591,11,33,13,1,47,86,3,0,1
user_687,1730,1611,444,1,65,2041,18,0,0
user_349,723,1000,198,1,232,2045,6,0,0
user_610,346,1649,312,1,180,2865,41,1,0
fake_511,12,19,9,0,47,126,1,0,1
user_798,850,986,438,1,53,1500,5,0,0
user_804,1012,103,120,1,240,1410,47,1,0
user_900,1266,2453,272,1,269,1598,27,0,0
fake_755,12,14,10,0,12,152,4,0,1
fake_103,74,48,11,0,15,72,0,0,1
fake_29,1,40,10,1,26,120,2,0,1
user_735,1903,2511,177,1,250,2611,37,0,0
user_570,735,2818,445,1,237,2952,24,0,0
user_641,1885,2076,474,1,186,2686,26,0,0
user_153,234,1956,33,1,198,1181,43,1,0
user_837,1538,570,285,1,239,873,41,0,0
user_376,1748,1884,327,1,186,547,25,0,0
user_548,1092,756,439,1,114,589,34,0,0
fake_879,19,11,9,0,13,125,1,0,1
user_80,608,949,329,1,113,469,37,0,0
fake_361,9,14,15,0,13,93,2,0,1
fake_660,48,29,8,0,23,17,0,0,1
fake_127,39,27,11,0,46,166,3,0,1
user_688,1425,96,215,1,178,1561,35,0,0
fake_881,84,44,1,1,38,47,1,0,1
user_191,1698,2039,54,1,229,2781,14,0,0
fake_762,35,48,14,0,30,141,2,0,1
fake_613,92,10,13,1,11,93,2,0,1
user_948,489,2307,152,1,125,1045,6,0,0
user_212,1209,2645,401,1,206,705,44,0,0
user_871,923,1335,115,1,68,1038,49,0,0
fake_358,10,16,12,0,1,111,2,0,1
user_272,1736,1392,250,1,296,763,26,0,0
fake_734,84,26,13,1,13,46,3,0,1
fake_738,8,11,12,1,28,143,3,0,1
fake_332,11,0,9,0,15,14,0,0,1
user_749,496,797,298,1,267,476,43,1,0
user_892,1782,2858,486,1,276,1902,45,0,0
fake_767,0,1,9,0,12,114,1,0,1
fake_549,52,38,18,0,4,142,4,0,1
user_797,757,2315,281,1,116,2949,16,0,0
fake_241,87,25,18,0,19,33,3,0,1
user_448,257,2274,38,1,212,2101,36,0,0
fake_860,29,4,15,1,17,114,0,0,1
user_668,789,2914,38,1,57,1427,42,0,0
fake_140,83,29,17,0,28,101,3,0,1
user_969,1362,565,232,1,104,2642,16,0,0
user_201,330,2940,369,1,71,2717,19,0,0
user_41,610,2903,338,1,136,761,46,0,0
fake_215,77,4,8,1,13,140,4,0,1
fake_144,72,6,7,1,28,120,0,0,1
fake_318,13,5,12,1,28,137,2,0,1
fake_429,30,20,5,1,33,146,1,0,1
fake_605,52,33,6,0,18,107,1,0,1
fake_298,2,28,9,1,6,102,4,0,1
fake_920,3,22,8,0,39,154,2,0,1
fake_647,86,25,9,1,17,85,0,0,1
user_311,851,2499,83,1,278,2606,13,0,0
user_864,447,1396,98,1,120,1215,31,1,0
user_339,1902,1742,301,1,208,1274,46,0,0
user_986,504,2400,53,1,50,464,12,1,0
fake_307,69,1,16,0,32,159,1,0,1
user_563,966,1353,58,1,216,1990,46,1,0
user_919,1131,1057,279,1,60,1838,28,0,0
fake_653,39,32,10,1,2,165,4,0,1
user_780,1267,759,85,1,115,2003,13,0,0
user_856,1783,642,409,1,228,2595,37,0,0
user_582,1597,2126,395,1,69,2868,38,0,0
user_288,1253,1210,426,1,86,2228,33,0,0
fake_569,77,42,5,1,30,174,2,0,1
user_551,1695,1605,21,1,54,1008,20,0,0
fake_598,86,43,4,0,32,153,1,0,1
user_444,1635,1253,400,1,207,2173,42,0,0
user_289,1176,2685,322,1,279,480,7,0,0
user_215,781,55,171,1,157,1921,33,0,0
fake_33,86,27,6,1,27,135,2,0,1
fake_667,67,47,2,1,15,145,3,0,1
user_761,817,1215,305,1,124,1358,33,0,0
user_845,1981,87,114,1,217,946,21,0,0
user_81,875,409,105,1,187,566,41,0,0
fake_357,7,15,13,1,35,120,2,0,1
user_899,1649,2179,197,1,117,959,16,0,0
fake_519,49,27,2,0,44,30,2,0,1
user_567,755,2156,466,1,288,2212,19,0,0
user_177,1341,1543,101,1,252,2537,6,0,0
user_369,503,2941,447,1,192,2058,7,1,0
user_229,1471,1514,439,1,52,2847,9,0,0
user_858,555,1374,160,1,219,429,12,1,0
fake_538,84,2,1,0,3,147,1,0,1
user_975,1340,2254,484,1,125,960,5,0,0
user_944,1008,935,33,1,94,882,42,1,0
fake_229,25,15,0,0,41,91,1,0,1
user_829,610,1001,366,1,147,1259,32,0,0
fake_40,78,34,4,0,34,132,4,0,1
fake_750,62,10,10,1,23,165,0,0,1
fake_885,46,45,1,0,5,37,1,0,1
user_515,420,1337,446,1,189,1248,18,0,0
fake_913,50,25,17,0,6,141,2,0,1
user_731,762,2991,330,1,243,2694,24,1,0
user_779,1274,988,256,1,211,2803,37,0,0
fake_858,81,11,15,0,0,106,3,0,1
user_756,1356,970,379,1,90,2285,21,0,0
fake_111,87,37,11,1,16,60,4,0,1
user_614,1558,2916,38,1,91,2297,35,1,0
fake_13,25,43,7,1,23,107,4,0,1
fake_527,99,30,15,0,14,55,3,0,1
fake_296,14,7,13,1,40,67,0,0,1
user_624,1873,236,458,1,220,2745,36,0,0
fake_691,27,25,5,0,43,178,1,0,1
fake_705,35,40,17,1,43,65,1,0,1
user_341,250,2085,20,1,241,2380,46,0,0
user_752,276,1821,123,1,262,839,29,0,0
fake_392,16,1,19,0,11,167,3,0,1
fake_822,26,30,1,1,39,44,4,0,1
fake_293,58,42,0,1,46,78,0,0,1
fake_0,31,20,4,0,14,30,3,0,1
user_646,901,2170,97,1,153,2366,44,0,0
user_295,346,922,289,1,251,2855,15,0,0
user_299,1307,2895,285,1,237,2699,31,0,0
fake_522,39,43,12,0,0,140,1,0,1
fake_160,89,38,13,1,48,116,3,0,1
fake_258,83,49,17,0,9,177,2,0,1
user_198,1857,1576,410,1,137,2521,18,0,0
fake_715,65,37,1,0,42,26,2,0,1
fake_240,77,37,12,1,36,147,1,0,1
user_239,1072,1191,150,1,266,2929,19,0,0
fake_232,13,46,11,1,2,107,0,0,1
fake_413,47,21,14,1,46,109,2,0,1
fake_273,5,6,4,0,7,43,2,0,1
user_117,437,2928,142,1,62,1495,14,0,0
fake_208,28,48,13,0,19,39,1,0,1
fake_450,51,32,16,1,0,19,1,0,1
fake_588,53,1,2,0,28,37,4,0,1
fake_649,48,21,10,1,12,17,0,0,1
user_16,1223,1624,406,1,291,1690,13,0,0
user_521,570,501,136,1,166,2642,44,0,0
fake_284,95,13,8,0,3,64,2,0,1
fake_49,70,44,3,1,23,82,0,0,1
user_23,443,317,397,1,296,966,21,0,0
user_233,1348,1465,262,1,276,1602,43,1,0
fake_396,50,3,18,0,4,104,1,0,1
fake_791,41,35,6,0,38,162,1,0,1
user_691,853,760,335,1,168,1031,12,1,0
fake_799,51,11,4,1,37,151,1,0,1
fake_772,91,28,19,0,44,118,4,0,1
user_248,1800,2098,27,1,218,2210,5,0,0
fake_855,56,47,14,1,7,146,1,0,1
fake_18,26,45,17,1,34,14,3,0,1
fake_850,23,0,1,1,43,171,0,0,1
fake_662,79,15,7,0,8,59,2,0,1
user_843,190,1033,308,1,162,2485,17,0,0
user_552,1103,2358,452,1,51,980,47,0,0
user_789,1346,821,342,1,197,1208,19,1,0
fake_516,76,3,10,0,41,48,1,0,1
fake_958,40,9,19,0,34,19,2,0,1
user_143,1798,1080,409,1,293,1197,46,0,0
user_220,895,1920,124,1,160,1887,33,0,0
user_817,1640,2313,481,1,186,2917,41,1,0
fake_383,37,2,9,1,3,172,1,0,1
fake_70,59,44,13,0,44,88,0,0,1
fake_894,91,22,14,1,28,123,3,0,1
fake_621,75,25,14,1,4,173,3,0,1
fake_404,87,34,16,1,9,53,0,0,1
fake_39,34,2,4,1,20,41,4,0,1
user_100,261,2330,425,1,117,1469,26,0,0
user_462,1222,2573,162,1,93,2046,33,1,0
fake_774,55,13,1,1,23,96,4,0,1
user_430,1732,435,82,1,109,2360,49,1,0
fake_973,2,39,6,0,26,109,2,0,1
user_575,219,1354,103,1,292,1478,34,1,0
user_511,1948,1840,345,1,164,1039,26,1,0
fake_640,21,11,10,0,37,64,0,0,1
user_263,1620,310,337,1,170,1030,19,0,0
fake_113,96,29,13,1,43,3,4,0,1
user_166,783,586,257,1,190,807,13,0,0
fake_473,11,42,8,1,25,75,2,0,1
user_344,1734,972,217,1,222,2495,20,1,0
fake_505,22,49,0,1,28,87,1,0,1
user_371,153,144,359,1,96,1921,5,0,0
fake_267,99,15,10,0,32,73,3,0,1
fake_892,31,39,4,1,44,93,4,0,1
fake_710,43,24,19,0,9,18,2,0,1
user_91,665,2731,244,1,202,1135,41,0,0
user_36,847,2172,247,1,260,917,23,0,0
fake_42,86,23,17,1,32,149,3,0,1
user_942,851,967,111,1,114,2429,41,1,0
fake_498,1,48,16,0,33,56,0,0,1
fake_457,32,18,16,0,46,14,0,0,1
user_42,1805,1379,233,1,150,2092,24,1,0
user_31,1284,673,474,1,194,2645,8,0,0
fake_972,66,15,15,1,8,168,3,0,1
user_704,1319,1550,319,1,177,1225,20,0,0
user_497,1299,1531,240,1,191,599,27,0,0
fake_342,18,23,16,0,28,47,3,0,1
fake_600,97,29,3,1,44,125,4,0,1
fake_523,27,33,18,0,25,41,4,0,1
fake_965,33,25,18,0,36,179,1,0,1
user_442,1315,74,343,1,157,1293,39,0,0
fake_655,50,22,4,0,26,61,2,0,1
user_697,704,678,179,1,53,1344,32,0,0
fake_811,65,26,14,0,40,178,3,0,1
user_579,1181,2101,329,1,81,2919,38,0,0
user_261,1236,2089,441,1,255,1247,45,0,0
fake_6,82,2,12,0,3,143,2,0,1
user_379,203,60,253,1,118,1844,40,0,0
user_866,604,1939,192,1,112,2272,20,0,0
fake_665,14,32,5,0,29,102,3,0,1
user_937,1324,1315,210,1,84,1780,29,0,0
fake_977,50,20,16,0,20,56,2,0,1
fake_630,87,18,13,0,38,179,3,0,1
fake_785,56,0,8,1,47,111,2,0,1
user_912,883,409,209,1,270,2530,25,1,0
fake_399,20,35,5,0,3,74,1,0,1
user_519,753,2911,355,1,210,1104,19,0,0
user_70,876,254,198,1,77,2897,31,0,0
fake_474,23,16,14,1,48,59,3,0,1
user_542,937,1970,258,1,66,848,26,0,0
fake_833,70,20,14,0,31,166,3,0,1
fake_770,90,39,6,1,45,133,4,0,1
fake_71,80,6,10,1,42,159,3,0,1
fake_832,81,36,8,0,39,160,0,0,1
user_554,104,983,151,1,161,853,20,0,0
user_813,1045,2516,310,1,277,618,27,0,0
fake_904,33,15,10,0,12,62,4,0,1
fake_826,61,39,8,0,15,108,3,0,1
fake_504,15,2,13,1,36,161,3,0,1
user_293,1833,1905,214,1,152,2559,44,0,0
fake_165,25,32,17,0,14,35,2,0,1
user_473,227,1001,324,1,70,2443,15,1,0
user_543,1906,2912,175,1,147,1337,24,0,0
user_716,860,1171,310,1,182,1429,16,0,0
fake_782,17,37,7,0,39,138,4,0,1
fake_623,97,18,17,1,11,120,4,0,1
fake_487,2,13,18,1,32,16,1,0,1
user_904,1689,344,476,1,174,1400,29,0,0
fake_840,24,19,11,0,26,17,3,0,1
user_428,1400,1675,211,1,231,2589,14,0,0
user_981,1733,1612,275,1,265,437,26,0,0
user_414,569,1904,308,1,119,2220,42,1,0
fake_209,91,46,0,0,44,34,4,0,1
user_738,1648,1854,419,1,275,2566,17,1,0
fake_893,26,49,15,1,39,42,0,0,1
fake_765,5,23,18,1,43,96,3,0,1
fake_334,41,0,7,0,21,106,1,0,1
user_859,928,2321,136,1,68,1862,28,0,0
user_800,1132,2603,446,1,202,570,44,0,0
user_801,1197,2356,162,1,96,860,46,1,0
user_941,831,2621,174,1,273,566,49,0,0
fake_265,39,9,7,1,25,20,3,0,1
fake_609,62,39,3,1,10,15,2,0,1
user_914,457,749,282,1,162,1706,42,0,0
user_365,1782,2313,203,1,197,1955,36,0,0
user_822,1771,2080,455,1,164,2023,15,1,0
user_338,740,1696,39,1,166,1463,26,0,0
fake_669,63,48,0,1,43,83,3,0,1
fake_465,81,13,12,0,16,87,2,0,1
user_958,1365,2557,157,1,142,572,17,0,0
user_770,1192,2048,180,1,188,618,44,0,0
fake_510,14,17,6,1,25,141,3,0,1
user_384,609,2120,148,1,99,2824,19,1,0
user_712,1543,1346,191,1,197,2265,36,0,0
fake_994,95,2,12,0,11,170,1,0,1
fake_716,68,2,10,1,40,94,0,0,1
fake_189,51,42,18,1,40,156,2,0,1
user_420,329,1382,72,1,291,501,42,0,0
user_886,1336,2519,149,1,169,1871,7,1,0
fake_470,53,41,10,0,49,175,2,0,1
fake_355,72,15,7,0,6,20,2,0,1
fake_168,48,26,6,0,34,8,3,0,1
fake_44,33,19,11,0,22,82,0,0,1
fake_135,23,38,2,0,6,139,1,0,1
user_796,1966,874,330,1,240,1233,31,0,0
fake_683,43,27,0,0,23,68,4,0,1
user_913,1067,2963,390,1,111,1252,37,0,0
user_571,1229,2623,464,1,108,642,43,0,0
fake_386,43,48,13,0,29,44,4,0,1
fake_260,58,47,13,0,11,152,0,0,1
fake_12,22,30,13,0,16,93,4,0,1
user_11,1338,930,98,1,109,2212,40,0,0
fake_213,79,2,2,0,26,40,1,0,1
fake_728,50,2,3,0,33,81,3,0,1
fake_411,95,0,6,1,4,18,0,0,1
fake_53,30,32,10,0,27,100,4,0,1
user_84,1204,330,180,1,273,2231,25,0,0
fake_226,66,14,8,0,9,102,3,0,1
fake_219,77,44,1,0,35,86,0,0,1
fake_391,5,14,17,0,8,160,0,0,1
user_26,905,285,65,1,236,2333,39,0,0
user_807,1642,1594,258,1,106,2356,37,0,0
fake_611,77,18,13,1,41,54,3,0,1
fake_482,29,35,7,0,15,106,1,0,1
user_684,384,1162,372,1,188,1308,23,0,0
user_923,189,635,292,1,262,1529,48,1,0
user_709,1198,451,345,1,146,2526,12,0,0
user_235,1500,2270,205,1,113,529,21,0,0
fake_555,91,40,1,1,34,141,0,0,1
fake_940,0,45,0,0,28,140,0,0,1
fake_341,68,10,11,0,23,19,4,0,1
fake_305,2,26,9,0,10,158,4,0,1
fake_343,1,21,1,0,2,136,3,0,1
user_176,1128,160,319,1,273,2215,25,0,0
user_310,1634,2186,332,1,265,1592,12,0,0
fake_580,73,23,10,0,47,84,1,0,1
user_183,492,2710,371,1,141,2537,26,0,0
fake_86,27,44,8,0,46,10,0,0,1
user_719,1992,1244,305,1,269,2278,9,1,0
fake_5,69,34,14,0,21,52,4,0,1
fake_803,55,22,4,0,46,145,2,0,1
user_328,1271,870,409,1,112,2600,21,0,0
fake_83,14,6,3,0,0,26,4,0,1
user_366,915,2112,446,1,289,1415,42,0,0
fake_773,79,2,8,0,5,5,4,0,1
fake_403,38,0,11,1,26,61,1,0,1
user_112,1825,2311,324,1,189,1796,42,0,0
user_445,116,759,121,1,135,795,35,0,0
fake_502,87,10,9,0,6,105,4,0,1
user_278,101,1993,85,1,181,2337,32,0,0
fake_173,65,37,14,1,19,87,0,0,1
user_255,1497,188,33,1,283,1572,11,0,0
user_846,1654,2425,289,1,137,626,45,1,0
fake_277,21,28,11,0,31,35,4,0,1
fake_26,56,48,9,1,47,52,3,0,1
user_356,353,1708,270,1,96,2596,19,0,0
user_723,838,2594,319,1,279,2137,25,0,0
fake_688,83,13,8,0,25,62,0,0,1
fake_747,39,34,10,0,41,9,3,0,1
user_50,1057,1381,228,1,158,820,47,0,0
fake_297,63,22,7,0,1,164,3,0,1
user_665,1598,2621,299,1,269,2384,13,0,0
user_12,430,537,46,1,97,2077,23,0,0
user_553,1743,854,96,1,71,559,11,1,0
user_203,1778,1680,178,1,214,729,28,0,0
user_681,1965,759,406,1,81,1236,21,0,0
user_903,1496,1597,482,1,154,477,5,0,0
user_185,1138,2789,380,1,62,2582,34,1,0
user_874,1240,2189,50,1,191,2288,7,0,0
user_68,113,2150,286,1,184,784,42,1,0
user_434,1604,2737,108,1,80,2313,19,0,0
user_480,1995,335,374,1,176,2243,8,1,0
fake_957,61,3,19,1,17,86,0,0,1
fake_845,87,25,16,0,44,52,4,0,1
user_431,383,524,92,1,157,2813,31,0,0
fake_680,55,26,10,0,49,147,3,0,1
fake_884,9,24,0,0,15,124,3,0,1
user_155,1963,1704,485,1,171,940,45,0,0
fake_925,27,24,3,0,0,115,3,0,1
fake_752,99,28,16,0,38,86,1,0,1
user_509,1629,2056,451,1,98,2370,44,0,0
user_184,306,1591,331,1,78,1937,37,0,0
user_301,500,774,369,1,222,2892,47,0,0
fake_781,20,8,3,0,37,54,4,0,1
user_561,1473,2951,127,1,228,1606,24,0,0
fake_376,19,38,17,0,47,124,2,0,1
fake_986,3,23,8,0,36,153,0,0,1
user_530,1788,2051,296,1,130,1809,17,0,0
fake_633,41,32,18,1,21,50,1,0,1
user_863,486,2795,44,1,222,733,48,0,0
user_672,1056,61,61,1,225,450,22,0,0
user_743,1921,78,155,1,79,1238,49,0,0
fake_134,28,27,9,1,27,143,0,0,1
fake_282,50,37,19,0,5,61,2,0,1
fake_645,67,4,10,0,22,63,0,0,1
user_167,1995,2242,375,1,198,2487,33,0,0
fake_190,99,37,17,0,1,81,1,0,1
user_839,544,89,469,1,196,2725,26,0,0
fake_96,88,19,10,0,5,47,1,0,1
fake_930,30,16,1,0,32,1,0,0,1
user_932,839,1038,441,1,294,2816,44,0,0
user_190,1814,926,262,1,256,2613,18,0,0
user_648,1346,2393,460,1,91,1778,19,0,0
fake_4,57,23,14,1,47,38,1,0,1
user_936,1268,533,135,1,117,933,14,0,0
user_821,438,942,26,1,259,517,39,0,0
user_993,1993,619,252,1,259,2373,21,0,0
fake_289,26,12,9,0,38,175,1,0,1
user_108,1585,2891,162,1,163,938,7,0,0
user_86,1995,716,443,1,269,1654,47,0,0
fake_529,69,8,11,0,5,14,2,0,1
user_536,413,964,400,1,235,2931,30,0,0
fake_934,37,29,17,1,2,10,4,0,1
user_429,897,2172,473,1,223,562,7,0,0
user_472,1446,2532,436,1,234,1488,28,0,0
user_922,775,2511,59,1,99,2701,47,0,0
user_966,1188,2056,232,1,206,583,38,0,0
fake_159,18,28,6,0,6,132,4,0,1
fake_642,48,4,7,0,15,87,0,0,1
user_353,101,2695,200,1,165,814,14,0,0
fake_661,89,25,14,0,7,20,4,0,1
user_95,1600,731,433,1,227,2066,38,0,0
fake_82,31,11,4,0,2,159,3,0,1
fake_848,67,2,5,0,24,156,0,0,1
user_633,440,807,168,1,201,1640,21,0,0
user_803,591,1846,335,1,192,2916,43,0,0
user_938,1028,780,81,1,258,2630,12,0,0
user_422,662,2410,88,1,178,2062,24,0,0
fake_864,22,12,7,0,48,131,1,0,1
fake_185,54,27,9,0,11,55,0,0,1
user_778,1688,2158,133,1,65,2038,34,0,0
fake_790,2,43,10,1,13,150,2,0,1
fake_176,18,26,18,1,28,28,2,0,1
fake_540,39,29,3,1,17,89,2,0,1
fake_678,54,23,6,1,44,138,3,0,1
fake_704,61,20,17,1,33,10,3,0,1
user_516,1899,2193,40,1,298,905,24,0,0
user_870,1532,1362,147,1,170,1658,18,0,0
fake_978,66,49,5,1,39,164,1,0,1
user_499,1600,2259,172,1,214,1913,29,0,0
user_732,1313,360,227,1,224,2815,17,0,0
fake_472,64,9,5,1,17,133,0,0,1
fake_373,49,10,12,0,18,169,2,0,1
fake_657,97,42,0,1,26,121,0,0,1
fake_768,70,37,1,0,24,47,4,0,1
user_930,968,1295,439,1,221,2210,39,1,0
user_549,363,520,177,1,123,1844,21,0,0
fake_382,25,38,16,1,40,78,0,0,1
user_389,1013,2493,24,1,143,1418,10,0,0
user_90,1513,110,21,1,153,1928,47,0,0
user_931,140,2134,143,1,210,1124,26,0,0
fake_969,69,6,13,1,41,35,2,0,1
fake_546,67,3,4,0,1,166,0,0,1
fake_177,16,35,15,0,34,26,4,0,1
user_897,1356,2460,401,1,90,739,35,0,0
user_556,1319,1807,364,1,115,1614,31,0,0
fake_576,70,2,18,1,38,133,2,0,1
user_279,741,2088,182,1,160,446,49,0,0
user_835,1193,1405,485,1,294,1766,6,0,0
user_243,809,274,40,1,95,2411,30,0,0
fake_493,27,14,17,0,25,4,1,0,1
fake_984,12,40,18,1,42,140,2,0,1
user_998,1688,841,61,1,267,1636,18,0,0
fake_679,84,17,6,0,41,51,1,0,1
user_302,866,2102,380,1,69,386,6,0,0
user_39,574,813,451,1,221,547,47,0,0
user_465,1239,1433,218,1,277,1624,6,0,0
fake_66,97,2,11,0,8,156,4,0,1
user_597,1241,2124,290,1,63,2417,27,0,0
fake_889,85,46,0,1,15,40,1,0,1
fake_559,53,46,6,1,17,63,2,0,1
user_842,266,1004,329,1,133,2889,40,0,0
fake_980,92,35,15,0,38,171,0,0,1
fake_996,8,5,8,1,23,168,2,0,1
fake_422,74,17,17,1,33,141,1,0,1
user_696,875,384,46,1,211,691,42,1,0
user_43,1599,2195,136,1,57,1882,49,0,0
user_503,1990,1251,312,1,118,2038,23,0,0
user_223,1679,2978,136,1,235,1668,43,0,0
fake_15,6,39,15,1,34,49,2,0,1
user_151,140,2903,207,1,162,490,49,0,0
user_999,776,1859,40,1,76,2178,12,0,0
fake_551,43,34,5,0,36,23,1,0,1
user_760,1919,2100,140,1,107,2601,36,0,0
user_168,825,2122,192,1,175,921,41,0,0
user_585,890,124,66,1,117,2359,28,0,0
fake_249,65,6,7,0,28,149,0,0,1
fake_11,22,34,16,1,25,143,4,0,1
fake_172,2,30,11,1,31,15,0,0,1
fake_425,56,40,19,1,42,125,3,0,1
fake_224,83,7,11,0,5,10,3,0,1
fake_929,21,42,9,0,20,77,2,0,1
user_4,1230,1951,79,1,241,2009,49,0,0
user_699,1725,2980,283,1,151,993,7,0,0
fake_236,89,42,14,0,28,60,4,0,1
user_852,853,86,400,1,225,1464,5,0,0
fake_983,6,31,6,1,48,70,2,0,1
fake_744,94,15,13,1,49,141,4,0,1
fake_442,17,30,1,1,0,145,4,0,1
user_14,187,2131,69,1,146,1362,14,0,0
user_682,1166,1273,92,1,186,2734,41,0,0
user_744,1396,1007,487,1,267,448,27,0,0
fake_777,53,0,0,1,35,128,0,0,1
fake_495,76,3,15,1,16,64,1,0,1
fake_23,54,16,2,1,46,93,2,0,1
user_769,984,754,307,1,157,1227,21,0,0
fake_619,41,39,0,0,27,136,3,0,1
fake_138,17,23,17,1,6,24,1,0,1
fake_761,48,9,11,1,29,121,0,0,1
user_193,842,1510,112,1,99,441,38,0,0
user_525,933,2566,311,1,298,2360,7,0,0
user_98,829,2935,135,1,85,2708,17,0,0
user_558,976,1126,478,1,147,1467,28,0,0
user_810,1291,1826,185,1,95,2444,25,0,0
fake_663,56,12,18,1,45,69,2,0,1
user_894,1564,2632,285,1,236,677,30,0,0
user_680,1291,2471,183,1,68,2152,49,0,0
user_5,1195,2098,449,1,66,1231,32,1,0
user_608,889,751,173,1,202,2689,36,0,0
fake_115,87,9,18,1,29,146,4,0,1
user_916,1531,2953,419,1,207,383,19,0,0
fake_423,22,49,15,0,35,162,3,0,1
fake_317,34,5,2,1,41,46,0,0,1
user_611,1199,179,87,1,249,2858,30,0,0
fake_829,16,34,9,1,10,113,0,0,1
fake_836,35,20,4,0,13,112,2,0,1
fake_417,51,36,19,0,39,104,0,0,1
fake_61,95,10,9,0,0,105,1,0,1
fake_874,34,23,6,1,22,20,4,0,1
fake_184,48,30,1,0,20,135,2,0,1
user_487,1061,1037,284,1,265,2686,36,0,0
fake_314,37,41,0,0,14,165,0,0,1
user_119,1176,386,28,1,209,2832,25,0,0
fake_835,38,44,2,0,27,138,0,0,1
fake_528,84,44,0,0,21,104,4,0,1
user_774,1047,1013,245,1,212,1064,14,1,0
user_421,1488,251,323,1,212,2311,31,0,0
fake_610,97,24,16,0,11,65,2,0,1
fake_798,83,38,15,1,43,42,0,0,1
fake_125,49,34,0,0,25,22,2,0,1
fake_592,3,25,16,1,9,133,3,0,1
user_507,624,1908,290,1,214,922,5,0,0
fake_596,35,39,16,0,8,123,4,0,1
fake_191,6,19,8,0,33,156,2,0,1
fake_926,75,20,2,1,33,13,3,0,1
fake_402,56,12,11,0,21,45,2,0,1
user_979,788,1760,424,1,285,2107,19,0,0
fake_78,75,33,19,0,31,118,1,0,1
fake_216,42,45,17,0,3,130,1,0,1
user_67,415,2643,411,1,260,1354,14,0,0
user_879,771,2878,335,1,213,2605,24,0,0
user_65,487,1925,121,1,229,2046,17,0,0
user_286,1526,1958,183,1,276,527,33,0,0
user_269,1509,1241,492,1,193,1975,6,0,0
fake_709,18,1,17,1,8,22,1,0,1
fake_369,53,4,6,1,18,88,4,0,1
fake_101,89,7,11,0,5,58,2,0,1
fake_367,75,3,2,0,21,118,1,0,1
fake_632,45,18,14,0,8,96,2,0,1
user_609,960,2731,366,1,297,1946,40,1,0
user_831,316,1037,438,1,95,468,10,0,0
fake_987,9,26,3,0,41,106,3,0,1
user_568,368,177,331,1,217,1344,35,0,0
user_296,935,1302,99,1,87,1401,35,1,0
fake_617,78,22,2,1,49,77,0,0,1
user_313,708,1913,487,1,235,1674,49,1,0
fake_567,76,43,18,0,6,34,3,0,1
fake_589,50,10,17,1,8,68,4,0,1
fake_366,92,25,18,1,45,50,3,0,1
user_595,1219,1672,45,1,165,1050,44,0,0
user_587,1516,2225,160,1,165,1437,36,0,0
fake_157,14,18,7,0,2,162,3,0,1
fake_37,28,46,14,0,11,133,1,0,1
user_49,786,2067,224,1,178,948,9,0,0
user_792,1286,1383,426,1,249,2353,49,0,0
user_619,1343,198,364,1,229,1481,26,0,0
user_110,1375,2144,394,1,198,1515,42,1,0
fake_615,44,7,19,1,9,33,2,0,1
user_285,484,383,459,1,295,729,24,1,0
user_407,1318,1842,388,1,261,1476,10,0,0
user_652,1731,110,339,1,61,1161,43,0,0
fake_954,16,33,5,0,43,114,0,0,1
user_827,599,1340,182,1,236,1469,23,0,0
user_477,665,2382,121,1,268,1316,9,1,0
fake_745,51,47,0,0,29,108,1,0,1
fake_721,40,18,10,1,24,138,4,0,1
fake_486,28,49,18,0,34,79,4,0,1
fake_400,69,31,8,0,8,80,3,0,1
fake_439,83,15,6,0,18,177,3,0,1
user_192,963,1362,464,1,76,1161,40,1,0
user_345,362,469,264,1,277,1511,12,0,0
user_358,552,2962,145,1,106,2315,21,0,0
fake_467,18,34,16,1,30,163,4,0,1
fake_145,13,41,3,0,43,37,1,0,1
fake_381,0,6,13,0,38,78,4,0,1
user_335,650,1252,149,1,79,778,40,0,0
fake_819,19,45,12,0,46,48,3,0,1
user_461,706,391,232,1,119,1884,8,0,0
user_48,1057,496,83,1,92,383,37,0,0
user_565,1035,2811,178,1,125,757,35,0,0
user_844,813,1024,183,1,74,1529,36,1,0
fake_590,9,38,8,0,35,170,2,0,1
user_32,559,2864,292,1,237,2165,33,0,0
fake_278,17,15,16,0,11,23,4,0,1
fake_268,77,35,2,0,36,71,3,0,1
fake_685,57,16,17,1,16,42,0,0,1
fake_570,74,24,16,1,11,22,0,0,1
fake_831,38,38,9,0,24,173,1,0,1
fake_712,43,33,1,0,11,172,4,0,1
fake_922,83,14,4,1,39,137,4,0,1
user_8,1738,766,112,1,218,1679,8,0,0
user_491,1509,996,347,1,198,904,22,0,0
fake_854,41,11,3,0,13,27,3,0,1
user_510,1002,2540,362,1,196,762,16,0,0
user_350,1116,2386,225,1,274,2787,34,0,0
fake_451,48,34,13,1,7,174,0,0,1
fake_330,94,19,6,0,5,73,4,0,1
user_337,971,1521,312,1,279,1746,41,0,0
fake_654,47,42,12,0,24,79,3,0,1
user_316,286,2897,126,1,181,2676,21,0,0
fake_780,4,17,18,1,35,21,0,0,1
fake_477,7,41,4,0,23,95,4,0,1
fake_309,25,8,3,0,1,116,4,0,1
user_962,1242,2976,442,1,100,2578,13,0,0
fake_534,60,29,1,0,28,81,2,0,1
user_791,1256,1657,209,1,50,784,37,0,0
fake_932,47,28,9,0,0,47,0,0,1
user_405,1515,2876,322,1,113,2706,19,0,0
user_219,745,53,115,1,278,1200,38,1,0
fake_801,97,45,0,1,3,2,1,0,1
fake_795,66,39,15,1,36,95,3,0,1
fake_59,13,4,17,0,2,34,4,0,1
fake_270,82,44,13,1,30,28,3,0,1
user_564,922,642,416,1,135,1492,21,1,0
fake_982,16,16,10,0,34,11,3,0,1
fake_22,35,5,8,0,17,27,3,0,1
fake_356,1,39,15,0,9,112,0,0,1
fake_290,52,25,5,1,22,83,2,0,1
user_645,1223,1574,476,1,287,1250,16,0,0
fake_438,97,16,13,0,30,37,0,0,1
user_266,1391,2269,130,1,170,946,34,0,0
user_598,659,695,29,1,204,2208,44,0,0
fake_953,93,36,14,0,4,110,3,0,1
user_717,775,180,373,1,276,469,35,0,0
user_669,1798,1090,87,1,150,551,23,0,0
fake_46,40,38,19,1,43,137,4,0,1
user_773,1148,2914,57,1,140,1189,13,0,0
user_836,1375,219,275,1,121,531,42,1,0
fake_898,92,49,10,0,32,109,0,0,1
user_216,656,517,69,1,160,664,38,0,0
fake_706,99,9,6,0,13,158,0,0,1
fake_432,32,38,8,1,48,170,1,0,1
user_25,1537,1127,423,1,57,705,31,0,0
fake_360,99,15,4,0,49,58,0,0,1
user_694,948,299,24,1,207,2541,36,0,0
user_569,469,785,260,1,87,798,34,0,0
fake_17,43,3,19,0,12,15,3,0,1
fake_263,54,29,10,1,0,91,1,0,1
user_347,243,2647,344,1,232,1916,44,0,0
user_501,858,104,152,1,70,482,14,0,0
fake_536,22,11,14,0,31,12,4,0,1
fake_428,92,1,11,0,18,100,1,0,1
fake_328,66,23,6,0,32,90,3,0,1
user_627,552,1300,194,1,100,1227,14,0,0
user_474,117,772,243,1,245,1013,38,0,0
user_793,1338,934,173,1,296,2297,18,1,0
fake_991,5,8,1,0,3,156,3,0,1
user_666,951,2372,207,1,178,859,16,0,0
user_872,1028,265,111,1,224,1065,29,0,0
user_441,646,713,478,1,201,1489,34,0,0
user_850,272,963,329,1,264,1903,44,0,0
fake_243,25,45,10,0,6,165,3,0,1
user_605,803,2918,171,1,162,2311,32,0,0
fake_469,22,16,9,0,16,76,2,0,1
user_395,1843,2780,138,1,100,2315,37,0,0
fake_497,75,49,6,0,24,95,2,0,1
user_104,1986,2018,378,1,266,2221,8,0,0
user_612,253,1895,69,1,93,2622,26,0,0
user_702,214,876,69,1,108,1049,49,0,0
fake_259,19,28,2,1,26,152,0,0,1
user_354,996,1907,261,1,162,1862,48,0,0
user_147,1896,2847,402,1,221,2376,37,0,0
fake_349,7,23,0,1,13,96,1,0,1
user_650,1782,1714,428,1,261,984,19,0,0
fake_344,11,43,12,0,9,23,3,0,1
fake_68,99,30,2,0,25,102,3,0,1
fake_650,87,14,5,1,17,168,1,0,1
user_15,1496,2192,218,1,59,2461,40,1,0
user_838,1910,1536,44,1,84,2026,8,0,0
fake_746,60,23,16,1,33,47,4,0,1
fake_379,6,49,19,1,20,71,1,0,1
user_592,612,1750,233,1,262,2971,41,0,0
user_746,695,526,163,1,70,585,12,0,0
fake_643,58,41,16,1,30,156,0,0,1
user_714,1400,2717,121,1,203,1654,14,1,0
fake_301,52,6,8,1,16,48,4,0,1
user_413,1054,2922,471,1,149,1253,17,0,0
fake_335,12,44,8,1,12,52,4,0,1
user_758,364,438,383,1,224,404,43,0,0
user_385,1596,864,283,1,52,1376,19,0,0
fake_544,93,2,6,0,49,25,0,0,1
fake_377,87,40,7,1,17,45,1,0,1
fake_724,9,38,0,1,5,54,2,0,1
fake_323,33,11,19,0,35,86,1,0,1
user_244,1579,581,418,1,280,2476,20,0,0
user_992,1768,1580,246,1,202,1542,42,0,0
fake_620,79,31,1,0,23,156,3,0,1
fake_521,6,7,3,1,14,136,0,0,1
user_895,1525,475,364,1,127,1204,38,1,0
fake_320,9,17,5,1,16,47,3,0,1
fake_36,77,21,11,0,8,4,1,0,1
user_154,300,1265,478,1,276,2194,26,1,0
fake_225,62,4,1,1,30,86,1,0,1
fake_964,50,15,13,0,20,99,1,0,1
user_264,541,1992,335,1,211,2136,7,0,0
fake_182,62,34,6,0,29,66,4,0,1
fake_285,47,32,0,1,4,52,0,0,1
user_658,891,180,61,1,52,2862,24,0,0
fake_571,41,33,4,1,47,87,0,0,1
user_106,1394,1803,193,1,168,1745,19,0,0
user_811,269,1646,101,1,293,807,25,1,0
user_924,1771,1306,120,1,198,1472,27,1,0
user_617,796,843,186,1,55,1354,28,0,0
fake_789,64,5,9,0,25,151,0,0,1
fake_414,41,23,5,0,24,103,1,0,1
fake_814,6,23,10,1,4,103,4,0,1
fake_743,61,44,5,1,34,70,0,0,1
user_631,573,2720,180,1,123,944,48,1,0
user_764,1687,2421,473,1,225,654,17,0,0
fake_106,47,49,1,0,47,27,0,0,1
user_427,325,586,469,1,90,1471,36,0,0
user_443,1172,2040,117,1,155,887,26,0,0
user_226,1454,2071,85,1,178,1499,21,0,0
user_122,863,1330,378,1,81,2386,49,0,0
user_174,742,2208,307,1,200,2206,21,0,0
fake_943,94,39,17,1,16,67,3,0,1
fake_719,95,47,9,1,24,34,2,0,1
user_292,1795,1369,29,1,281,1204,18,1,0
fake_912,71,3,12,1,36,136,1,0,1
fake_299,68,4,8,0,48,120,3,0,1
fake_131,20,40,6,0,15,128,2,0,1
user_945,1681,2802,474,1,136,1713,33,0,0
fake_274,76,22,7,0,11,8,4,0,1
user_368,1254,2421,426,1,268,2733,42,0,0
user_232,289,2812,445,1,153,2516,11,0,0
user_1,1559,132,227,1,190,726,38,1,0
user_775,990,2284,161,1,82,2978,48,1,0
fake_380,8,22,0,0,10,155,4,0,1
fake_154,76,25,4,0,26,108,1,0,1
user_105,915,1151,109,1,171,2363,32,0,0
fake_731,64,3,17,1,40,102,4,0,1
fake_614,40,14,15,1,20,20,1,0,1
user_625,1057,2904,261,1,196,2462,9,0,0
user_540,1815,131,46,1,135,2967,44,0,0
user_160,602,2026,44,1,290,1197,16,0,0
user_740,316,1681,164,1,180,769,28,0,0
user_124,479,674,435,1,173,2254,23,1,0
fake_808,86,10,7,0,7,121,3,0,1
fake_180,48,17,2,0,30,4,4,0,1
fake_494,81,28,19,0,45,56,3,0,1
user_61,120,187,30,1,208,2843,22,0,0
fake_995,73,19,2,0,32,107,2,0,1
user_221,1151,695,439,1,185,1992,17,1,0
fake_286,18,8,16,0,24,164,0,0,1
fake_802,84,21,18,0,43,152,4,0,1
fake_326,16,19,10,1,35,53,4,0,1
fake_445,29,36,0,1,17,172,1,0,1
fake_905,70,40,9,1,8,17,4,0,1
fake_459,12,17,11,0,18,63,0,0,1
user_252,783,1623,106,1,293,1875,45,0,0
user_983,1222,2845,136,1,140,924,39,0,0
fake_262,2,14,13,0,16,13,1,0,1
user_230,1596,243,281,1,242,2921,30,0,0
user_138,1186,2763,26,1,173,1043,49,0,0
user_583,216,2707,192,1,203,1456,24,0,0
fake_192,45,2,15,0,2,147,2,0,1
fake_737,48,17,10,1,0,39,1,0,1
user_452,617,711,298,1,169,1681,47,0,0
user_111,1116,1194,447,1,213,587,5,0,0
fake_385,60,6,15,1,31,33,1,0,1
fake_586,92,48,0,1,28,7,4,0,1
fake_395,23,31,15,1,4,112,3,0,1
user_615,1096,742,119,1,293,2122,22,0,0
fake_122,67,32,14,0,35,154,0,0,1
fake_458,46,36,11,0,42,85,1,0,1
fake_760,42,15,13,1,48,97,0,0,1
fake_558,68,43,5,0,29,134,2,0,1
user_786,1309,1918,476,1,216,706,20,1,0
fake_178,32,10,10,0,7,10,1,0,1
user_596,1761,391,28,1,141,2141,48,0,0
fake_524,31,43,9,1,34,26,3,0,1
user_180,497,2845,230,1,284,906,48,0,0
user_755,544,315,487,1,83,2833,22,0,0
fake_578,71,2,17,1,19,13,3,0,1
user_815,733,899,235,1,194,1341,26,0,0
fake_543,15,1,15,0,49,37,4,0,1
user_753,1735,1312,137,1,212,2278,20,0,0
fake_251,86,20,1,1,20,31,2,0,1
user_64,1397,2882,308,1,188,2240,40,1,0
user_367,307,2144,197,1,96,1953,7,0,0
fake_169,81,32,5,1,26,10,0,0,1
fake_548,30,12,11,1,14,87,3,0,1
fake_384,37,11,11,1,24,33,3,0,1
user_984,610,1038,301,1,232,1109,49,1,0
user_94,1945,653,480,1,256,1993,22,0,0
user_35,352,627,359,1,222,1181,30,0,0
user_46,1906,2956,91,1,298,2539,27,1,0
user_818,128,52,153,1,148,1948,49,0,0
user_38,1684,2200,185,1,209,2177,21,0,0
fake_255,80,7,6,1,23,12,1,0,1
user_373,1796,2852,403,1,173,1669,49,0,0
user_134,1467,523,337,1,202,1506,29,0,0
user_363,1356,2325,58,1,247,1338,27,0,0
user_457,1472,898,363,1,272,2952,25,0,0
fake_918,91,17,19,1,11,105,3,0,1
user_626,1111,2841,88,1,246,1911,42,0,0
fake_703,77,12,14,0,6,140,0,0,1
user_103,369,2643,185,1,218,2647,28,0,0
user_586,1250,2935,398,1,159,855,14,0,0
fake_985,65,5,9,0,40,41,4,0,1
fake_817,41,38,4,0,31,65,0,0,1
fake_550,24,43,6,0,2,134,2,0,1
user_436,1119,1004,288,1,201,2375,17,0,0
fake_742,56,36,15,0,17,104,3,0,1
fake_117,1,41,17,0,45,60,2,0,1
user_197,195,1655,372,1,200,2301,15,0,0
fake_484,12,8,2,1,31,33,4,0,1
fake_480,4,32,7,0,31,113,2,0,1
fake_948,11,16,9,1,49,36,2,0,1
fake_869,8,4,9,1,23,66,3,0,1
user_449,576,334,473,1,232,897,40,0,0
user_24,1615,2034,406,1,83,2195,14,0,0
fake_237,43,20,5,0,40,48,4,0,1
fake_31,96,12,16,0,44,107,0,0,1
fake_599,75,21,3,0,33,89,1,0,1
user_833,1255,970,225,1,191,1371,42,1,0
fake_408,55,24,9,1,9,27,3,0,1
user_78,1578,2044,482,1,145,2158,43,0,0
fake_75,41,40,14,1,6,165,2,0,1
fake_200,0,33,14,1,17,143,3,0,1
fake_783,46,22,12,1,28,152,4,0,1
user_378,1545,1733,453,1,193,1834,31,0,0
user_559,1091,1940,282,1,193,1512,13,0,0
fake_618,27,26,18,0,35,135,2,0,1
fake_675,85,49,11,0,5,94,3,0,1
fake_489,57,14,5,0,36,120,1,0,1
user_819,1288,209,86,1,126,2848,12,0,0
fake_634,38,46,16,0,46,117,3,0,1
fake_784,69,20,3,0,23,104,4,0,1
user_200,1530,2613,324,1,254,432,23,0,0
fake_424,97,15,7,1,5,100,2,0,1
user_546,543,795,163,1,247,2572,44,1,0
user_911,835,2114,175,1,65,2312,26,0,0
user_885,985,240,273,1,210,2220,9,0,0
user_763,1507,2083,103,1,72,2948,22,0,0
user_468,1080,1842,422,1,133,1843,29,0,0
user_27,485,438,34,1,263,1068,25,0,0
fake_971,31,34,14,0,7,70,4,0,1
user_727,1077,65,352,1,109,1015,8,1,0
user_51,662,298,91,1,228,2401,38,1,0
fake_455,89,1,19,0,23,118,2,0,1
user_805,1376,776,263,1,70,577,35,0,0
user_52,1999,215,296,1,201,1497,44,0,0
fake_806,69,8,4,0,26,70,3,0,1
user_294,1539,1422,137,1,198,1711,8,0,0
fake_553,89,8,12,0,36,60,1,0,1
fake_300,22,41,16,0,15,153,3,0,1
user_707,1749,2469,278,1,74,1470,42,0,0
fake_331,0,0,6,0,9,174,1,0,1
fake_304,14,40,11,0,33,21,2,0,1
fake_143,16,25,12,0,3,98,1,0,1
user_538,1465,1358,392,1,218,1916,12,0,0
user_689,1376,827,288,1,112,374,8,1,0
user_955,109,1300,249,1,196,1142,16,1,0
user_589,1764,1429,425,1,192,580,41,0,0
user_787,1034,2323,468,1,247,2203,13,0,0
user_860,994,367,411,1,250,1932,20,0,0
user_908,1070,1740,118,1,169,1789,25,0,0
fake_195,15,43,19,0,22,13,0,0,1
fake_732,91,4,0,1,27,151,2,0,1
fake_206,57,35,18,0,22,119,0,0,1
user_135,1252,77,130,1,281,2000,25,0,0
fake_461,88,3,9,1,9,3,1,0,1
user_985,484,70,215,1,154,1831,20,1,0
fake_542,22,25,1,0,16,59,1,0,1
fake_694,20,34,10,1,15,19,3,0,1
user_439,758,1252,96,1,262,387,25,0,0
user_45,1075,1408,363,1,249,1721,43,0,0
user_83,305,1769,167,1,160,2207,22,1,0
user_855,1181,1022,444,1,159,2521,44,0,0
user_925,797,1297,378,1,118,2803,8,0,0
user_440,1639,1255,178,1,207,599,15,1,0
user_259,1356,951,312,1,61,1382,23,0,0
fake_3,53,3,1,0,49,36,3,0,1
fake_507,59,37,3,1,16,55,1,0,1
user_40,1182,2835,463,1,242,1939,45,0,0
fake_398,71,49,5,0,4,38,1,0,1
fake_448,9,45,17,0,18,119,3,0,1
fake_852,68,12,13,0,32,48,2,0,1
fake_902,53,4,12,1,21,24,3,0,1
fake_606,17,46,19,0,38,87,3,0,1
fake_51,57,12,5,1,24,131,0,0,1
user_488,1762,1186,22,1,192,1416,15,0,0
fake_253,76,20,2,0,2,30,4,0,1
user_55,931,591,339,1,66,2515,37,1,0
fake_485,82,28,17,0,5,97,2,0,1
fake_217,25,25,10,1,48,156,0,0,1
fake_207,71,20,14,0,47,101,0,0,1
fake_405,32,47,14,1,15,128,2,0,1
user_524,1477,231,300,1,283,2516,42,0,0
user_750,798,746,367,1,239,979,41,0,0
fake_406,58,29,8,0,41,179,1,0,1
user_362,108,864,204,1,194,1603,30,0,0
user_823,1619,2426,33,1,274,2221,28,0,0
fake_872,23,32,17,0,7,162,4,0,1
user_463,799,1136,84,1,122,2362,23,0,0
user_513,784,2858,383,1,134,2523,21,0,0
fake_50,2,11,17,0,15,83,1,0,1
fake_499,6,43,16,0,38,32,4,0,1
fake_447,52,47,1,1,39,136,2,0,1
user_276,798,2874,364,1,150,2911,40,0,0
user_927,1301,1485,327,1,69,1914,22,0,0
fake_466,93,11,11,0,9,146,0,0,1
user_453,198,2763,358,1,187,1277,39,0,0
user_767,1490,342,475,1,66,643,34,0,0
fake_41,66,11,14,1,41,2,0,0,1
fake_264,11,25,15,1,49,74,4,0,1
user_806,1353,2786,31,1,276,674,21,0,0
fake_345,80,44,17,0,0,117,1,0,1
user_77,1055,2192,179,1,295,2453,29,0,0
fake_997,90,38,12,1,19,134,4,0,1
user_890,1799,606,306,1,252,816,39,0,0
fake_38,25,42,10,1,14,80,1,0,1
user_854,1761,845,406,1,132,539,22,0,0
fake_245,27,10,0,0,10,89,1,0,1
fake_682,94,7,19,0,7,87,3,0,1
user_940,560,1090,26,1,265,2057,9,0,0
fake_616,49,18,7,1,19,100,4,0,1
user_557,873,954,369,1,123,2824,27,0,0
fake_824,1,22,0,0,12,136,0,0,1
fake_825,62,1,18,1,31,55,2,0,1
fake_602,66,42,19,0,8,137,1,0,1
fake_698,76,47,14,1,47,106,0,0,1
fake_128,57,1,11,0,37,128,0,0,1
user_22,869,820,335,1,252,1256,42,1,0
user_947,1376,523,105,1,217,1706,13,0,0
user_494,1516,104,473,1,285,1826,25,1,0
fake_365,35,14,10,1,16,103,3,0,1
fake_171,52,38,2,1,7,29,2,0,1
user_693,826,1867,463,1,70,1887,17,1,0
fake_725,9,8,18,0,36,168,1,0,1
fake_336,97,29,8,1,15,116,3,0,1
user_406,1258,1480,251,1,214,2621,9,0,0
fake_351,10,34,9,1,7,16,3,0,1
fake_121,8,22,7,0,1,60,0,0,1
user_534,1248,2248,309,1,147,397,6,0,0
user_115,819,2447,336,1,51,2689,33,0,0
user_721,1019,413,283,1,58,1789,45,0,0
user_848,1249,1249,129,1,203,1696,23,0,0
user_483,725,2687,481,1,209,526,42,1,0
user_560,983,1573,370,1,161,2883,39,0,0
fake_520,14,36,3,1,34,29,0,0,1
user_784,1816,60,494,1,205,748,15,0,0
user_446,1295,1929,151,1,269,1157,18,0,0
fake_97,86,24,1,0,32,87,2,0,1
fake_214,70,9,4,0,1,97,4,0,1
fake_120,87,17,1,1,28,89,2,0,1
user_179,866,672,421,1,199,609,10,0,0
user_877,1679,2913,165,1,230,1556,13,1,0
fake_306,92,45,16,1,33,92,0,0,1
user_875,233,2450,353,1,169,1266,28,0,0
fake_147,28,37,4,0,28,1,2,0,1
user_287,1761,425,320,1,203,2923,46,0,0
fake_62,5,6,2,0,6,69,0,0,1
fake_319,13,1,19,1,22,145,4,0,1
fake_231,1,2,1,0,22,86,2,0,1
user_464,1092,1774,95,1,94,591,47,0,0
fake_906,35,9,2,1,23,20,1,0,1
fake_989,16,24,12,0,27,3,4,0,1
user_273,1748,1686,345,1,119,2311,10,0,0
fake_104,73,32,12,0,23,140,2,0,1
user_973,1405,936,179,1,53,2560,41,1,0
user_901,1538,638,434,1,57,864,8,0,0
fake_741,57,1,1,1,14,16,1,0,1
fake_717,54,41,6,0,28,100,3,0,1
user_141,692,1385,227,1,163,2833,9,0,0
fake_118,95,47,4,1,9,34,3,0,1
user_270,1510,1669,103,1,292,1604,36,0,0
fake_47,40,12,14,0,0,156,3,0,1
user_974,162,2894,183,1,199,767,5,0,0
fake_851,13,4,8,0,45,154,1,0,1
user_408,500,2911,95,1,98,1182,29,0,0
fake_359,52,14,12,1,25,1,0,0,1
fake_257,1,30,19,0,37,121,4,0,1
user_257,1731,2076,21,1,107,2325,33,1,0
fake_248,39,32,16,1,41,88,3,0,1
user_642,621,531,179,1,96,2371,17,0,0
user_262,1953,59,60,1,63,2559,49,1,0
user_794,832,1439,215,1,136,2214,12,0,0
fake_697,36,22,10,1,30,20,3,0,1
user_739,378,1347,31,1,263,916,21,0,0
user_742,972,863,415,1,269,2544,31,0,0
user_438,915,812,264,1,85,2587,15,1,0
user_754,495,2474,24,1,229,635,6,1,0
fake_877,82,15,3,1,39,173,3,0,1
user_131,1980,105,367,1,195,724,31,0,0
user_13,1582,1873,193,1,78,1065,5,0,0
user_517,611,1161,426,1,238,535,37,1,0
user_309,1081,1115,20,1,52,2364,40,0,0
user_889,1352,2230,486,1,191,1846,19,0,0
fake_188,71,24,15,0,49,19,3,0,1
fake_452,10,38,6,1,32,94,4,0,1
user_146,478,968,429,1,262,1278,20,0,0
fake_526,14,4,6,1,41,2,0,0,1
user_814,894,2787,177,1,253,885,10,0,0
user_994,870,983,240,1,194,2678,18,0,0
user_577,1910,1351,393,1,98,390,23,0,0
fake_43,28,4,10,0,18,43,3,0,1
user_268,1930,2110,250,1,124,1616,22,0,0
fake_491,1,41,7,0,9,108,0,0,1
user_725,1222,970,55,1,183,1968,43,0,0
fake_295,10,27,14,1,36,54,2,0,1
fake_676,48,37,9,0,4,110,4,0,1
fake_196,23,9,13,0,49,77,1,0,1
user_718,1517,2902,490,1,238,2289,33,0,0
fake_242,97,37,0,0,7,44,4,0,1
user_71,1469,2223,107,1,100,2139,12,1,0
fake_329,61,47,11,1,30,5,1,0,1
fake_844,67,31,8,1,26,174,1,0,1
user_182,894,2522,56,1,71,2534,34,0,0
fake_787,18,26,17,1,41,57,1,0,1
fake_681,67,40,3,1,3,51,0,0,1
fake_880,64,12,8,0,29,170,0,0,1
fake_412,75,4,17,1,5,127,1,0,1
fake_936,67,38,1,0,14,121,0,0,1
user_929,831,2432,327,1,244,492,32,0,0
fake_333,3,16,15,1,3,172,3,0,1
fake_775,86,24,13,1,18,21,0,0,1
user_637,1377,1835,312,1,278,1720,46,1,0
user_620,1192,1369,165,1,72,2932,6,0,0
fake_401,84,27,3,1,28,32,0,0,1
fake_313,10,9,7,0,33,1,3,0,1
fake_187,98,0,8,0,1,74,0,0,1
fake_175,41,1,19,0,12,46,3,0,1
user_275,1204,2882,398,1,260,1068,44,1,0
fake_764,94,1,9,0,21,102,1,0,1
fake_846,28,5,0,0,40,138,4,0,1
user_644,1960,203,157,1,225,1234,22,0,0
user_178,602,2131,473,1,135,1275,41,0,0
user_467,352,376,424,1,156,1256,47,0,0
fake_100,62,28,2,0,28,2,1,0,1
fake_871,27,39,6,0,15,170,3,0,1
fake_656,42,32,5,0,43,113,1,0,1
fake_27,68,34,18,1,48,63,4,0,1
user_306,983,181,283,1,53,2732,38,0,0
