username,connections_count,followers_count,posts_count,profile_pic,bio_length,account_age_days,skills_count,verified,label
professional_865,669,4506,48,1,196,1720,8,1,0
professional_788,669,2489,14,1,149,3801,9,1,0
professional_365,1931,2171,187,1,187,1723,30,1,0
fake_pro_662,40,29,3,1,65,34,4,0,1
professional_477,1453,3460,189,1,225,3487,26,0,0
fake_pro_551,4,16,4,1,2,44,3,0,1
fake_pro_696,24,13,4,0,35,81,4,0,1
fake_pro_490,25,5,8,0,4,63,2,0,1
professional_683,816,4476,118,1,199,1632,6,1,0
fake_pro_991,4,11,6,1,71,44,4,0,1
fake_pro_223,41,9,2,1,75,9,4,0,1
professional_367,290,3584,56,1,160,1459,38,0,0
fake_pro_770,28,9,2,0,25,59,2,0,1
fake_pro_699,32,17,7,0,49,69,0,0,1
fake_pro_918,38,14,9,1,78,50,0,0,1
fake_pro_41,49,19,2,0,71,54,2,0,1
fake_pro_267,45,18,5,0,9,17,2,0,1
fake_pro_100,27,1,2,1,65,22,1,0,1
fake_pro_95,11,8,5,1,46,27,4,0,1
fake_pro_826,23,8,3,0,13,12,1,0,1
fake_pro_32,2,9,0,1,60,29,0,0,1
fake_pro_686,29,22,8,1,52,68,1,0,1
professional_237,1371,1741,23,1,177,2413,19,0,0
fake_pro_624,5,21,8,1,69,40,4,0,1
fake_pro_485,10,21,3,0,32,19,4,0,1
professional_377,572,655,101,1,302,2718,25,1,0
professional_729,1539,1679,146,1,259,408,48,0,0
professional_392,322,1092,87,1,383,869,5,0,0
professional_35,216,2495,72,1,322,3167,11,0,0
fake_pro_483,31,10,0,0,73,57,4,0,1
professional_515,695,4886,66,1,465,1087,37,0,0
fake_pro_108,3,15,8,1,8,73,2,0,1
fake_pro_268,47,18,2,0,11,46,3,0,1
professional_375,685,1657,156,1,473,3855,27,1,0
fake_pro_126,11,17,9,0,65,10,0,0,1
fake_pro_925,9,15,1,1,46,1,4,0,1
professional_859,760,2466,45,1,212,2107,37,0,0
fake_pro_674,9,24,2,0,13,80,1,0,1
fake_pro_63,5,15,3,0,4,17,3,0,1
fake_pro_344,35,10,5,1,8,28,0,0,1
professional_427,1460,2962,140,1,103,2198,40,1,0
fake_pro_753,11,28,0,1,8,68,4,0,1
professional_198,343,4417,46,1,234,3812,32,1,0
fake_pro_614,35,20,7,0,44,31,0,0,1
fake_pro_501,28,22,6,0,20,14,0,0,1
fake_pro_461,11,19,0,0,63,74,3,0,1
professional_249,473,1892,86,1,403,1888,37,1,0
professional_686,312,2601,57,1,176,2173,22,0,0
professional_80,1629,1611,139,1,145,784,41,0,0
fake_pro_150,44,6,9,1,47,62,3,0,1
professional_699,1904,4777,128,1,387,1162,40,1,0
professional_281,1710,1599,40,1,430,1702,27,0,0
fake_pro_543,15,9,5,0,11,58,4,0,1
professional_987,1599,1057,82,1,177,2554,7,0,0
fake_pro_533,42,15,7,1,77,50,4,0,1
fake_pro_57,9,28,9,0,8,42,1,0,1
fake_pro_449,13,6,2,1,33,44,1,0,1
fake_pro_906,25,8,8,1,4,10,3,0,1
fake_pro_544,44,24,8,1,32,52,0,0,1
fake_pro_638,13,16,3,0,27,27,4,0,1
professional_168,1743,1298,53,1,182,3476,17,0,0
fake_pro_841,43,0,6,1,61,61,2,0,1
professional_301,1320,4573,175,1,212,924,34,0,0
fake_pro_391,45,7,3,1,18,62,2,0,1
professional_791,847,1116,65,1,196,2787,29,0,0
professional_774,1275,2014,58,1,291,1630,17,0,0
fake_pro_763,46,0,5,1,62,43,0,0,1
fake_pro_326,27,5,2,1,4,76,1,0,1
professional_259,1365,640,195,1,286,1529,33,0,0
professional_993,1899,1055,16,1,435,557,15,1,0
professional_803,1807,809,33,1,265,3284,24,0,0
fake_pro_272,9,26,4,1,37,6,1,0,1
professional_587,270,389,165,1,462,635,9,0,0
professional_6,533,3136,165,1,346,1898,33,0,0
fake_pro_594,16,1,6,0,67,9,4,0,1
fake_pro_460,29,15,0,1,24,84,4,0,1
professional_351,1124,1996,155,1,276,668,9,1,0
fake_pro_199,29,1,3,0,30,64,4,0,1
fake_pro_532,5,22,1,1,61,2,3,0,1
professional_892,410,3675,150,1,410,1035,13,0,0
fake_pro_277,33,28,5,1,30,66,4,0,1
professional_250,1649,2852,67,1,378,1503,36,1,0
fake_pro_307,24,14,3,1,10,52,4,0,1
fake_pro_310,12,6,1,0,78,74,2,0,1
professional_14,1367,3277,24,1,353,2623,28,0,0
fake_pro_119,9,13,0,1,35,56,4,0,1
professional_298,583,1767,83,1,156,3061,14,0,0
professional_57,1706,2639,140,1,394,2939,44,1,0
professional_730,1780,1593,194,1,295,3298,13,0,0
professional_306,897,3045,121,1,205,3191,29,0,0
professional_165,857,234,130,1,348,1296,6,0,0
fake_pro_749,6,21,7,1,20,23,3,0,1
fake_pro_110,48,6,3,0,76,81,3,0,1
professional_702,189,1342,51,1,471,1873,8,1,0
professional_634,419,2969,81,1,357,2891,41,0,0
professional_826,1772,4103,27,1,129,1656,25,1,0
professional_175,1149,1667,86,1,481,2104,6,0,0
professional_911,1489,4942,167,1,123,1560,43,0,0
fake_pro_652,9,16,4,1,9,88,4,0,1
fake_pro_380,41,25,6,0,25,19,2,0,1
professional_920,1761,573,41,1,464,818,17,1,0
fake_pro_645,7,20,4,0,41,84,0,0,1
professional_115,1373,2071,189,1,371,1001,25,0,0
professional_44,215,3647,70,1,327,1052,20,0,0
fake_pro_587,45,20,9,1,52,15,2,0,1
fake_pro_833,26,7,5,0,46,15,2,0,1
professional_94,1430,1508,132,1,415,1743,41,0,0
fake_pro_862,43,7,1,0,53,59,2,0,1
professional_740,1990,4602,44,1,245,1622,20,0,0
fake_pro_369,36,2,4,0,70,13,2,0,1
fake_pro_545,40,13,9,0,57,56,4,0,1
professional_525,717,3653,78,1,145,848,43,0,0
professional_412,1844,2194,190,1,186,2478,17,0,0
professional_800,1047,4669,77,1,210,2505,23,0,0
professional_493,1780,1130,24,1,449,3649,8,1,0
professional_269,1547,1626,13,1,433,1798,38,0,0
fake_pro_700,16,9,0,1,54,71,4,0,1
professional_796,1251,2864,182,1,476,3904,26,0,0
professional_554,1972,835,192,1,220,2494,19,0,0
professional_447,492,4873,56,1,149,3727,46,0,0
fake_pro_474,29,16,6,1,12,54,1,0,1
professional_111,285,2189,65,1,265,944,27,0,0
professional_183,1764,631,99,1,367,3632,49,0,0
fake_pro_746,22,15,3,0,67,54,3,0,1
fake_pro_864,38,8,7,1,45,82,1,0,1
professional_968,980,4268,162,1,160,1715,10,0,0
fake_pro_220,47,29,8,1,22,75,4,0,1
professional_143,130,149,100,1,122,3386,38,0,0
professional_801,285,1620,137,1,228,1796,42,0,0
fake_pro_335,2,6,3,1,53,72,4,0,1
professional_990,322,3933,187,1,445,1994,7,1,0
professional_297,368,327,64,1,253,3939,25,1,0
professional_121,1125,2294,19,1,442,1239,27,1,0
fake_pro_492,28,6,4,1,75,79,2,0,1
fake_pro_750,9,6,3,1,65,32,2,0,1
professional_11,1674,567,69,1,293,838,36,0,0
professional_623,1399,4506,113,1,146,2058,18,1,0
fake_pro_372,30,18,7,0,22,64,2,0,1
fake_pro_658,31,19,8,0,16,32,1,0,1
professional_285,1266,560,112,1,246,3778,37,0,0
fake_pro_393,23,10,2,1,36,75,3,0,1
fake_pro_146,10,5,0,0,79,51,0,0,1
fake_pro_507,4,21,7,1,53,21,2,0,1
professional_912,1917,4310,199,1,310,2118,11,1,0
fake_pro_837,3,3,6,1,63,15,3,0,1
fake_pro_440,34,22,2,0,21,68,0,0,1
professional_469,382,4722,81,1,213,700,47,0,0
professional_956,291,1714,153,1,127,1587,41,1,0
fake_pro_123,49,18,1,0,8,76,3,0,1
professional_873,367,393,106,1,376,2760,32,1,0
fake_pro_626,28,5,7,0,54,23,0,0,1
professional_635,1409,3806,105,1,252,2181,10,0,0
professional_594,1268,2422,28,1,334,3406,42,0,0
fake_pro_252,47,25,9,0,41,18,0,0,1
fake_pro_503,28,17,8,0,74,27,4,0,1
fake_pro_222,26,23,1,0,17,87,1,0,1
professional_783,1725,827,90,1,419,3570,7,0,0
fake_pro_584,25,20,9,1,7,5,0,0,1
professional_650,205,1786,194,1,312,2965,34,1,0
professional_5,1600,1198,76,1,283,1170,12,0,0
fake_pro_684,7,2,5,1,60,22,0,0,1
fake_pro_238,41,5,4,0,53,19,1,0,1
professional_907,1165,441,100,1,245,2731,27,0,0
fake_pro_182,3,15,6,1,52,89,4,0,1
professional_107,402,3394,53,1,298,2923,47,0,0
fake_pro_266,6,16,7,1,31,6,1,0,1
professional_737,395,4166,98,1,319,2564,24,0,0
professional_97,1713,4808,133,1,255,3280,28,0,0
fake_pro_323,5,27,1,0,1,16,4,0,1
fake_pro_612,16,1,1,0,66,58,1,0,1
professional_436,1474,3490,177,1,304,3650,37,0,0
professional_336,749,683,117,1,471,2029,25,0,0
professional_695,211,1169,67,1,296,1806,7,0,0
fake_pro_839,33,14,2,1,65,18,0,0,1
professional_239,138,1154,23,1,147,608,32,0,0
professional_888,660,1966,77,1,286,371,29,0,0
fake_pro_4,31,23,8,1,78,83,2,0,1
fake_pro_240,37,15,6,1,42,2,2,0,1
professional_631,900,4230,100,1,189,2817,22,0,0
professional_410,519,3496,93,1,224,396,49,1,0
professional_641,1137,4495,24,1,272,3955,45,1,0
fake_pro_360,24,16,1,1,42,27,2,0,1
fake_pro_107,5,10,1,1,32,83,3,0,1
fake_pro_890,44,29,5,1,46,1,1,0,1
fake_pro_263,45,24,4,1,45,19,4,0,1
professional_501,1220,2364,67,1,237,1977,42,0,0
fake_pro_50,21,2,5,0,76,7,3,0,1
fake_pro_849,40,17,5,0,23,5,0,0,1
professional_170,1546,1052,114,1,242,3929,34,0,0
fake_pro_717,18,6,4,0,63,43,3,0,1
fake_pro_927,47,12,4,1,11,47,2,0,1
professional_612,1640,2414,154,1,320,3164,11,1,0
professional_856,1937,4908,24,1,336,1164,6,0,0
professional_40,1203,934,100,1,109,799,42,1,0
fake_pro_113,25,2,8,1,25,63,3,0,1
professional_184,533,3746,88,1,352,3238,20,0,0
fake_pro_356,17,10,9,1,33,14,4,0,1
professional_426,286,1088,102,1,112,2395,23,0,0
fake_pro_579,42,10,7,0,5,71,3,0,1
fake_pro_741,48,22,1,0,75,71,2,0,1
fake_pro_793,25,9,2,0,77,10,0,0,1
fake_pro_114,43,15,3,0,15,30,1,0,1
professional_314,1340,3014,18,1,392,3705,40,0,0
fake_pro_755,41,28,5,0,11,39,2,0,1
professional_193,1755,180,121,1,222,2639,21,1,0
fake_pro_15,0,1,9,0,35,48,4,0,1
fake_pro_936,35,4,5,1,18,56,1,0,1
fake_pro_689,0,5,5,0,34,78,0,0,1
professional_609,338,4195,43,1,177,1985,38,1,0
professional_970,1573,1356,173,1,421,2351,16,1,0
fake_pro_673,4,2,1,0,62,28,3,0,1
fake_pro_390,17,8,9,1,33,64,0,0,1
professional_300,1196,1288,138,1,255,1973,34,0,0
professional_633,1299,4390,145,1,422,3567,35,0,0
professional_324,514,4019,179,1,162,1564,37,0,0
fake_pro_315,23,17,9,1,28,3,0,0,1
professional_980,297,2389,76,1,308,2970,22,0,0
fake_pro_355,0,3,2,1,68,12,1,0,1
professional_792,542,994,84,1,226,1992,48,0,0
professional_700,264,1460,129,1,170,3861,27,1,0
professional_294,478,4760,171,1,211,3380,27,0,0
fake_pro_697,13,27,1,0,22,27,0,0,1
professional_540,1239,1678,151,1,310,396,22,1,0
professional_646,964,1033,17,1,326,3925,33,0,0
professional_158,1901,2196,142,1,350,3374,30,0,0
fake_pro_528,12,23,6,0,72,14,3,0,1
professional_67,1873,3458,52,1,233,2928,21,0,0
professional_923,1484,3248,94,1,191,1293,28,0,0
fake_pro_712,48,28,1,1,1,50,3,0,1
professional_618,1146,399,55,1,102,1781,15,0,0
fake_pro_189,13,20,0,0,14,11,4,0,1
professional_265,608,2465,152,1,298,3362,40,0,0
professional_59,713,4360,164,1,180,2489,19,0,0
professional_49,946,4771,124,1,417,3640,48,0,0
professional_229,1906,2262,175,1,389,3078,37,0,0
professional_808,606,1835,195,1,110,1084,38,0,0
fake_pro_120,25,25,3,1,64,45,4,0,1
professional_611,1889,4071,97,1,253,2600,46,0,0
professional_643,170,1342,193,1,355,895,5,1,0
professional_849,687,1887,154,1,128,554,45,0,0
fake_pro_812,7,0,2,1,44,74,1,0,1
fake_pro_276,0,25,1,0,77,40,2,0,1
professional_101,996,1903,30,1,441,665,37,1,0
fake_pro_402,42,17,9,1,51,10,4,0,1
professional_812,1412,2680,114,1,125,428,32,0,0
professional_996,672,1008,98,1,137,3968,37,0,0
professional_519,1058,3418,63,1,353,3927,27,1,0
professional_41,745,3101,90,1,336,1431,22,0,0
fake_pro_421,42,9,8,1,26,70,0,0,1
fake_pro_478,18,11,2,0,27,13,4,0,1
professional_949,446,4781,87,1,493,1126,34,0,0
professional_713,1105,4257,184,1,299,1887,29,1,0
fake_pro_600,29,9,3,1,62,78,2,0,1
fake_pro_708,29,5,7,1,72,59,0,0,1
fake_pro_799,15,2,3,0,19,65,4,0,1
fake_pro_202,17,26,0,0,29,84,0,0,1
fake_pro_318,32,29,8,1,30,8,1,0,1
fake_pro_887,31,13,2,0,50,53,3,0,1
fake_pro_644,33,1,4,0,50,77,3,0,1
professional_296,382,850,74,1,171,2614,8,0,0
fake_pro_865,37,1,1,1,32,13,4,0,1
fake_pro_159,17,29,7,1,10,23,0,0,1
professional_822,1606,2207,174,1,160,982,47,1,0
professional_963,315,4095,162,1,438,3310,32,0,0
professional_295,261,3398,96,1,210,1186,18,1,0
professional_997,1023,1003,186,1,327,3677,11,1,0
fake_pro_467,28,9,1,1,16,33,4,0,1
fake_pro_695,1,28,3,0,8,33,2,0,1
fake_pro_256,41,21,5,0,60,72,0,0,1
professional_1,700,2104,118,1,498,3826,10,0,0
fake_pro_290,27,16,2,1,31,65,2,0,1
professional_534,1909,4527,14,1,326,1212,29,0,0
professional_433,1061,1966,151,1,382,1309,31,0,0
professional_370,1851,3088,115,1,289,2188,48,0,0
professional_754,562,133,86,1,299,1242,45,0,0
professional_614,1299,4112,59,1,446,1876,25,0,0
fake_pro_792,31,23,8,0,8,23,2,0,1
fake_pro_221,38,24,3,0,9,6,1,0,1
fake_pro_738,19,17,4,0,19,45,1,0,1
fake_pro_411,22,19,6,0,39,84,1,0,1
fake_pro_352,34,22,3,0,13,40,3,0,1
professional_42,1555,4279,155,1,199,1701,45,0,0
fake_pro_473,35,12,4,1,60,26,1,0,1
fake_pro_701,30,17,2,1,11,64,4,0,1
professional_718,938,877,71,1,184,1012,15,0,0
fake_pro_279,35,5,9,1,19,11,0,0,1
professional_18,291,426,57,1,143,579,20,0,0
fake_pro_655,25,18,7,1,24,39,4,0,1
fake_pro_285,42,17,9,0,71,38,1,0,1
professional_416,1905,1075,179,1,444,1280,27,0,0
fake_pro_176,0,5,1,1,51,18,3,0,1
professional_307,1272,142,61,1,286,1834,18,0,0
fake_pro_167,34,21,9,0,17,53,4,0,1
fake_pro_496,33,6,5,0,34,25,0,0,1
fake_pro_24,24,28,5,0,30,66,0,0,1
professional_484,1767,1058,181,1,142,3574,11,0,0
fake_pro_830,1,19,1,1,55,49,3,0,1
professional_373,1226,1928,61,1,269,2660,42,0,0
fake_pro_325,44,16,1,0,11,64,3,0,1
professional_404,1437,1004,121,1,287,460,16,0,0
fake_pro_471,43,16,8,1,72,50,4,0,1
professional_282,1933,1409,83,1,180,3745,38,0,0
professional_535,120,658,63,1,178,1862,12,0,0
professional_917,580,173,142,1,329,1920,5,0,0
professional_555,632,3367,134,1,312,2281,31,0,0
professional_91,431,1927,64,1,382,1559,17,0,0
professional_163,835,1775,194,1,228,1302,21,0,0
fake_pro_679,22,11,5,0,13,69,4,0,1
professional_332,194,148,191,1,371,2497,34,0,0
fake_pro_129,7,18,1,1,27,24,3,0,1
fake_pro_5,14,11,4,0,54,46,4,0,1
fake_pro_138,2,7,8,1,24,89,4,0,1
fake_pro_470,10,12,8,1,52,16,0,0,1
professional_22,176,2704,144,1,190,1461,33,0,0
fake_pro_209,41,14,0,1,61,17,2,0,1
fake_pro_348,16,18,9,1,75,19,0,0,1
fake_pro_606,17,25,9,1,6,51,2,0,1
fake_pro_436,11,23,7,1,77,23,0,0,1
fake_pro_20,40,9,3,1,24,85,2,0,1
professional_946,1922,100,78,1,360,659,39,0,0
fake_pro_972,9,23,2,1,62,56,3,0,1
fake_pro_414,33,15,3,0,3,49,4,0,1
professional_751,1936,4950,115,1,315,853,39,1,0
fake_pro_790,31,5,8,1,78,25,1,0,1
professional_149,545,3003,73,1,385,2525,44,0,0
professional_847,1558,2828,146,1,196,2729,5,0,0
fake_pro_611,0,17,2,1,2,13,4,0,1
professional_331,763,3743,76,1,257,1886,40,1,0
fake_pro_166,30,19,2,1,64,15,1,0,1
professional_104,1495,231,96,1,463,2552,17,0,0
fake_pro_745,1,15,3,0,51,8,1,0,1
professional_117,1886,2331,121,1,382,2213,13,1,0
professional_425,345,1785,23,1,234,1521,37,0,0
fake_pro_322,34,22,1,0,4,14,4,0,1
professional_531,280,4753,177,1,220,3362,45,1,0
fake_pro_702,9,11,0,0,31,25,1,0,1
professional_889,945,3410,68,1,187,1913,21,0,0
fake_pro_742,2,23,3,0,47,69,3,0,1
fake_pro_723,46,26,2,0,3,25,4,0,1
fake_pro_823,21,15,3,1,60,67,0,0,1
fake_pro_106,23,27,0,1,36,22,0,0,1
fake_pro_33,32,26,1,0,57,31,2,0,1
professional_431,700,1292,147,1,239,2423,37,1,0
professional_580,1189,3364,189,1,185,1842,21,1,0
fake_pro_214,24,4,6,0,11,15,2,0,1
professional_77,1296,3964,107,1,186,3088,49,0,0
professional_651,869,2502,40,1,152,2858,17,0,0
fake_pro_405,13,14,9,0,0,51,0,0,1
fake_pro_806,33,19,5,0,24,63,4,0,1
fake_pro_651,15,21,0,0,47,73,4,0,1
professional_941,1369,1736,157,1,295,678,10,0,0
fake_pro_488,49,5,6,0,65,47,0,0,1
fake_pro_482,32,29,3,1,71,60,4,0,1
professional_886,1037,3977,75,1,490,2817,45,0,0
professional_556,1721,1717,122,1,410,2219,36,0,0
professional_759,369,1807,179,1,234,2322,38,0,0
professional_413,918,196,58,1,408,1567,40,0,0
fake_pro_578,35,15,3,1,62,7,1,0,1
fake_pro_317,23,3,6,1,5,4,0,0,1
fake_pro_920,48,18,5,0,39,12,4,0,1
fake_pro_938,9,16,4,0,64,57,4,0,1
professional_311,525,1671,96,1,276,2528,7,1,0
professional_513,1599,4847,124,1,479,1111,13,0,0
fake_pro_513,17,26,2,1,6,50,4,0,1
professional_604,593,3030,107,1,281,3533,12,0,0
professional_434,1541,3462,109,1,462,1290,15,0,0
professional_177,903,710,132,1,268,3186,19,1,0
fake_pro_308,16,16,0,0,67,42,3,0,1
fake_pro_401,11,10,5,0,79,73,0,0,1
fake_pro_441,7,19,7,0,27,54,1,0,1
fake_pro_82,2,2,1,1,9,60,4,0,1
professional_564,295,451,167,1,296,2622,49,0,0
professional_981,1068,4406,185,1,370,3660,17,0,0
fake_pro_311,27,22,4,1,58,39,3,0,1
fake_pro_773,46,24,9,0,7,84,3,0,1
fake_pro_230,8,6,3,1,70,32,3,0,1
professional_948,559,4963,108,1,486,3398,44,1,0
professional_389,1624,1833,186,1,291,3984,12,1,0
professional_775,1982,1995,109,1,167,1505,37,1,0
fake_pro_783,20,10,3,0,44,37,4,0,1
fake_pro_592,8,27,3,0,1,21,1,0,1
professional_579,1257,691,171,1,304,2984,38,0,0
professional_439,183,2981,64,1,131,2368,35,0,0
fake_pro_305,15,12,2,0,0,44,4,0,1
professional_255,778,2610,125,1,208,3175,14,1,0
fake_pro_698,38,3,9,0,73,42,1,0,1
fake_pro_976,29,2,2,0,71,63,0,0,1
professional_565,1999,3713,116,1,290,2113,39,0,0
fake_pro_617,44,28,3,1,78,28,4,0,1
professional_806,1770,3526,182,1,378,1216,19,0,0
professional_178,426,4214,79,1,243,1128,21,0,0
fake_pro_572,33,2,8,1,23,56,1,0,1
professional_506,1240,2528,40,1,108,3128,32,0,0
professional_640,1479,3111,85,1,190,3827,16,0,0
fake_pro_495,24,11,2,0,61,55,2,0,1
fake_pro_445,1,13,7,1,76,76,3,0,1
fake_pro_523,10,23,2,0,1,43,4,0,1
professional_202,1516,2714,11,1,379,1300,44,1,0
professional_454,883,3339,32,1,340,659,13,0,0
fake_pro_815,23,21,4,1,31,3,0,0,1
professional_952,1722,1122,161,1,369,2756,20,1,0
professional_733,1970,1486,121,1,361,1347,11,0,0
professional_391,384,275,87,1,315,1435,29,0,0
fake_pro_39,4,13,0,1,34,3,4,0,1
professional_567,899,2389,23,1,109,3939,27,1,0
fake_pro_993,21,13,0,1,11,16,0,0,1
fake_pro_725,42,27,4,1,36,55,3,0,1
professional_70,155,422,85,1,470,1618,41,0,0
professional_441,1088,3831,80,1,372,2972,38,0,0
professional_395,1790,4169,197,1,197,2155,32,0,0
professional_799,1844,1715,11,1,248,2733,34,0,0
fake_pro_450,24,7,0,1,20,2,4,0,1
fake_pro_336,11,29,9,1,10,10,3,0,1
professional_16,1009,984,152,1,159,1446,33,0,0
professional_82,1280,502,67,1,155,640,13,0,0
professional_757,635,3869,102,1,389,2864,9,1,0
professional_982,1960,2146,74,1,336,3764,31,0,0
professional_176,1404,3691,145,1,390,540,7,1,0
professional_37,432,601,111,1,150,2046,12,0,0
fake_pro_455,4,13,6,1,40,71,2,0,1
professional_71,1474,2976,154,1,356,3813,23,0,0
professional_335,1072,4347,92,1,402,997,25,1,0
fake_pro_554,38,4,0,1,50,4,3,0,1
fake_pro_97,18,18,3,0,39,8,1,0,1
professional_261,1506,2039,121,1,456,501,42,0,0
fake_pro_876,43,17,1,0,3,68,2,0,1
professional_811,260,448,136,1,315,3837,21,1,0
professional_61,607,2136,82,1,210,1866,10,1,0
professional_131,1098,1209,182,1,279,2816,14,1,0
professional_9,131,824,164,1,423,1313,28,0,0
professional_148,1501,1657,183,1,495,910,32,0,0
professional_750,1411,3190,156,1,429,1971,12,0,0
fake_pro_196,9,19,7,0,48,24,4,0,1
fake_pro_848,13,16,1,1,21,39,2,0,1
professional_934,526,1743,86,1,107,3248,40,0,0
professional_73,1349,4980,43,1,385,3574,39,0,0
fake_pro_407,14,6,4,0,15,14,1,0,1
fake_pro_904,27,24,7,0,18,49,3,0,1
professional_746,578,3367,113,1,160,2634,36,1,0
fake_pro_31,45,15,7,1,6,86,1,0,1
professional_153,603,4732,73,1,217,3719,32,0,0
fake_pro_382,9,5,7,0,51,72,0,0,1
professional_566,912,179,64,1,320,2545,30,0,0
fake_pro_25,48,23,3,1,11,57,3,0,1
fake_pro_653,14,1,4,0,14,19,4,0,1
professional_818,1598,3153,154,1,288,1907,38,1,0
fake_pro_497,11,1,0,1,61,72,3,0,1
professional_448,1226,610,90,1,202,2520,34,0,0
fake_pro_264,36,21,3,1,26,64,3,0,1
fake_pro_243,49,18,8,0,48,1,4,0,1
fake_pro_51,38,28,5,1,58,20,3,0,1
professional_122,1317,2492,71,1,287,1304,35,1,0
professional_257,168,490,129,1,305,2747,22,1,0
fake_pro_231,10,26,6,1,60,9,2,0,1
fake_pro_874,9,29,2,1,6,6,3,0,1
professional_489,1221,4194,63,1,166,2939,25,0,0
professional_573,804,3699,146,1,320,3458,32,0,0
professional_189,1385,1048,61,1,120,2294,45,0,0
professional_68,216,820,40,1,405,3735,31,1,0
fake_pro_542,33,18,4,1,30,30,4,0,1
professional_136,212,4486,32,1,101,3901,26,0,0
professional_55,976,3133,52,1,141,3160,34,1,0
fake_pro_245,42,28,1,1,38,61,2,0,1
professional_209,171,1461,186,1,358,2393,48,0,0
fake_pro_733,46,23,0,1,57,46,4,0,1
fake_pro_565,33,13,6,1,3,22,4,0,1
professional_772,131,1350,107,1,482,503,42,0,0
professional_861,1503,253,74,1,466,2244,39,1,0
professional_254,1213,4832,76,1,281,964,16,0,0
professional_522,1918,1302,28,1,314,3934,20,0,0
fake_pro_506,16,18,8,0,30,34,3,0,1
professional_78,1463,843,119,1,484,3855,6,0,0
fake_pro_342,37,7,7,0,27,23,3,0,1
fake_pro_888,1,25,3,0,15,74,1,0,1
professional_559,1098,4839,80,1,388,3534,11,0,0
fake_pro_358,46,17,6,1,29,61,4,0,1
professional_563,404,583,127,1,374,1513,43,0,0
professional_608,1003,3016,179,1,311,2964,18,0,0
fake_pro_588,45,9,7,0,37,48,3,0,1
fake_pro_563,49,14,6,0,29,2,0,0,1
professional_495,881,1590,194,1,499,2473,20,0,0
fake_pro_257,5,14,7,1,3,63,3,0,1
professional_748,467,3194,88,1,177,3832,44,0,0
fake_pro_217,49,18,0,0,2,63,3,0,1
fake_pro_237,31,5,3,1,34,55,4,0,1
professional_310,515,3577,13,1,481,976,17,0,0
professional_34,116,2603,116,1,423,1038,43,0,0
professional_910,1325,4914,159,1,164,3172,18,0,0
fake_pro_77,16,16,2,1,14,3,4,0,1
professional_277,1704,123,95,1,108,1969,19,0,0
fake_pro_353,35,21,1,0,12,62,2,0,1
professional_123,1289,763,99,1,222,2047,9,1,0
fake_pro_375,39,27,5,0,60,4,1,0,1
fake_pro_983,21,3,3,0,9,86,3,0,1
professional_615,509,1054,85,1,124,1742,36,0,0
fake_pro_286,35,17,5,1,18,36,3,0,1
fake_pro_539,22,29,0,1,7,78,3,0,1
fake_pro_744,4,17,6,1,67,72,2,0,1
fake_pro_999,32,29,2,1,24,89,4,0,1
professional_680,1387,337,142,1,334,3191,48,1,0
fake_pro_748,25,22,2,1,38,83,0,0,1
fake_pro_387,34,10,1,0,75,24,3,0,1
professional_385,1296,3512,102,1,323,3927,15,1,0
fake_pro_706,37,13,8,1,60,58,1,0,1
fake_pro_65,18,8,4,0,52,69,4,0,1
professional_682,933,2138,87,1,188,2241,21,1,0
professional_933,1728,4982,169,1,419,2664,27,0,0
professional_460,748,3310,171,1,421,2034,14,0,0
professional_552,1380,4232,140,1,430,1280,25,1,0
professional_922,202,4274,112,1,488,2268,48,0,0
fake_pro_416,33,7,8,1,24,37,1,0,1
professional_502,1500,2185,118,1,278,988,11,1,0
professional_359,1680,4664,166,1,401,1166,24,0,0
fake_pro_203,18,7,1,0,17,72,0,0,1
professional_890,539,1643,126,1,302,3004,37,0,0
fake_pro_564,18,9,2,0,40,22,3,0,1
fake_pro_775,17,15,0,1,43,73,0,0,1
professional_536,1398,111,95,1,244,3668,28,0,0
fake_pro_84,2,15,2,0,70,23,4,0,1
professional_995,1464,355,13,1,179,1450,43,0,0
professional_289,115,4377,95,1,149,3705,48,0,0
fake_pro_493,4,21,9,0,51,31,0,0,1
fake_pro_553,21,11,6,0,34,84,0,0,1
fake_pro_567,42,3,9,0,59,14,1,0,1
professional_235,810,1042,189,1,118,2168,19,0,0
fake_pro_398,9,3,4,1,52,68,4,0,1
professional_909,1794,2457,123,1,129,891,46,0,0
fake_pro_239,14,12,0,1,50,63,1,0,1
fake_pro_184,11,15,5,1,3,21,3,0,1
fake_pro_475,34,27,3,1,46,44,2,0,1
professional_144,261,2136,61,1,393,2087,44,1,0
professional_590,1994,3101,147,1,151,3112,13,1,0
professional_715,1802,97,55,1,140,2896,16,1,0
fake_pro_613,35,0,7,0,17,30,4,0,1
fake_pro_22,30,6,3,0,7,2,1,0,1
fake_pro_998,44,0,8,1,32,78,3,0,1
fake_pro_870,14,15,5,1,38,49,0,0,1
professional_312,1096,1611,84,1,360,2246,34,0,0
professional_246,1045,4773,161,1,128,3366,18,0,0
professional_75,1598,2235,13,1,279,979,18,0,0
fake_pro_399,22,27,5,0,69,79,0,0,1
professional_325,698,3540,137,1,229,2361,21,0,0
fake_pro_981,46,18,7,1,72,73,3,0,1
professional_415,1632,741,70,1,244,1831,47,1,0
professional_843,1760,3139,170,1,401,3467,20,0,0
professional_538,1456,2335,12,1,131,2771,34,0,0
fake_pro_731,15,18,0,0,5,86,0,0,1
professional_342,499,4931,30,1,457,2962,16,0,0
professional_15,1355,2949,82,1,382,3615,9,0,0
professional_670,471,1471,83,1,314,853,9,0,0
fake_pro_178,23,5,9,0,33,1,4,0,1
fake_pro_141,13,5,3,1,51,31,0,0,1
fake_pro_548,37,2,4,0,37,19,2,0,1
fake_pro_995,3,9,9,0,77,32,0,0,1
fake_pro_850,20,25,9,0,37,57,2,0,1
professional_313,1825,1466,189,1,386,438,22,1,0
professional_485,565,2081,110,1,265,3571,24,0,0
fake_pro_302,21,3,2,1,31,6,2,0,1
fake_pro_443,21,19,0,0,75,60,4,0,1
fake_pro_598,23,1,6,1,8,88,1,0,1
professional_279,803,533,157,1,253,2845,11,0,0
professional_241,1766,2952,42,1,264,1786,36,0,0
fake_pro_397,1,3,1,1,8,24,3,0,1
professional_805,1840,1401,185,1,236,2637,26,1,0
fake_pro_807,47,28,5,1,66,1,2,0,1
fake_pro_654,3,16,4,0,46,38,0,0,1
professional_63,882,4351,106,1,313,1651,30,0,0
professional_606,403,4848,39,1,372,1498,37,0,0
fake_pro_620,32,15,5,0,17,89,1,0,1
professional_196,1132,2261,25,1,313,3333,43,0,0
fake_pro_992,6,17,7,0,0,26,4,0,1
professional_586,1872,3530,25,1,137,366,33,1,0
fake_pro_805,22,13,8,1,21,54,1,0,1
professional_191,468,332,114,1,151,2328,26,0,0
professional_752,477,1303,154,1,312,965,46,0,0
professional_180,285,2274,117,1,144,1295,9,0,0
professional_692,777,1037,12,1,100,1719,15,0,0
fake_pro_314,38,2,7,0,50,11,1,0,1
professional_529,261,1693,31,1,382,534,22,0,0
fake_pro_710,17,1,5,1,63,22,2,0,1
professional_931,1589,4579,37,1,367,3670,14,0,0
fake_pro_347,1,0,6,1,26,24,2,0,1
professional_658,570,444,19,1,242,1711,23,0,0
professional_853,1096,464,147,1,353,660,33,0,0
fake_pro_730,14,29,7,0,25,69,0,0,1
professional_207,1752,2664,183,1,281,1710,22,1,0
professional_829,1311,2618,83,1,333,3744,5,1,0
fake_pro_547,31,20,2,1,24,19,1,0,1
fake_pro_330,10,7,8,0,71,69,1,0,1
professional_827,884,4909,73,1,422,1448,27,0,0
professional_53,471,4577,145,1,188,607,44,1,0
professional_218,962,4274,13,1,317,1949,30,1,0
professional_585,462,1349,154,1,345,670,33,1,0
professional_384,337,1426,59,1,298,3125,36,0,0
fake_pro_524,49,0,9,0,46,59,1,0,1
fake_pro_854,20,6,6,1,1,82,3,0,1
fake_pro_736,38,23,5,0,47,31,4,0,1
fake_pro_787,23,18,5,1,75,51,2,0,1
fake_pro_754,31,22,3,0,16,30,4,0,1
professional_174,154,443,133,1,486,1019,7,0,0
fake_pro_359,26,9,8,1,48,12,0,0,1
professional_406,479,406,166,1,406,996,38,1,0
fake_pro_965,32,4,8,1,46,4,0,0,1
professional_703,554,1244,30,1,468,1179,43,0,0
fake_pro_818,1,0,6,0,16,37,0,0,1
fake_pro_570,9,19,3,1,68,9,2,0,1
fake_pro_882,30,16,5,0,68,66,2,0,1
fake_pro_840,22,5,7,0,30,46,2,0,1
fake_pro_530,44,11,8,0,29,18,4,0,1
fake_pro_64,11,29,9,1,59,47,3,0,1
professional_349,942,1600,137,1,451,2268,45,0,0
professional_326,139,1621,183,1,354,3076,9,0,0
professional_10,1210,409,188,1,259,3067,21,0,0
fake_pro_625,5,23,2,0,49,68,1,0,1
fake_pro_804,41,20,2,1,20,31,0,0,1
professional_874,826,3836,10,1,225,506,11,1,0
professional_263,753,3823,185,1,152,2347,33,0,0
professional_883,321,2806,184,1,159,2626,11,1,0
professional_789,1916,4881,144,1,395,1620,14,0,0
professional_138,327,1330,61,1,375,3944,28,1,0
professional_216,320,1140,74,1,301,3558,21,1,0
professional_459,1655,2808,81,1,156,2670,8,0,0
fake_pro_368,15,9,3,1,34,53,2,0,1
professional_758,1291,3414,50,1,442,2825,49,0,0
fake_pro_53,36,19,3,0,67,2,0,0,1
professional_455,1928,2660,149,1,365,3625,9,1,0
professional_938,1688,4448,128,1,496,854,18,0,0
professional_190,1405,807,111,1,415,645,12,0,0
professional_885,496,1996,78,1,215,2612,16,1,0
fake_pro_79,23,4,4,1,14,25,3,0,1
professional_864,1185,3613,90,1,400,2082,21,0,0
professional_504,1573,3269,163,1,117,3106,9,0,0
professional_738,1207,1048,195,1,478,2625,18,1,0
professional_926,1328,1260,152,1,202,1138,10,0,0
professional_146,804,4295,154,1,422,1471,43,0,0
professional_654,244,4096,108,1,339,3118,49,1,0
fake_pro_621,2,27,3,0,48,26,4,0,1
professional_785,755,2468,24,1,349,1829,9,1,0
fake_pro_522,24,0,8,1,65,26,2,0,1
fake_pro_504,44,11,0,0,73,50,1,0,1
fake_pro_261,33,10,6,1,19,1,3,0,1
fake_pro_791,31,28,2,0,28,46,1,0,1
professional_712,501,3640,121,1,320,1084,7,1,0
professional_221,1383,4837,39,1,238,2755,37,0,0
professional_369,1873,825,11,1,278,2242,17,0,0
fake_pro_122,26,9,2,0,44,47,4,0,1
fake_pro_104,29,23,6,1,2,12,4,0,1
professional_545,865,2552,181,1,211,1867,22,0,0
professional_842,880,4399,111,1,414,424,20,0,0
professional_547,1846,331,79,1,284,3009,22,1,0
professional_677,1807,1826,175,1,453,1913,32,0,0
fake_pro_324,15,11,5,1,57,32,1,0,1
professional_781,1016,3267,62,1,363,2213,13,1,0
fake_pro_881,31,2,0,1,72,54,1,0,1
fake_pro_680,12,7,5,1,24,71,2,0,1
professional_368,1870,131,43,1,401,1563,30,0,0
fake_pro_403,16,22,4,1,0,53,4,0,1
fake_pro_931,49,12,0,0,13,77,1,0,1
fake_pro_388,42,20,5,0,61,1,1,0,1
professional_160,681,1436,181,1,150,1627,26,1,0
professional_857,303,4708,37,1,137,1170,20,0,0
professional_978,975,4846,79,1,317,2675,44,0,0
professional_43,1326,4916,159,1,477,2705,49,1,0
professional_825,922,3748,43,1,212,1486,5,0,0
professional_25,1290,1280,27,1,321,3935,27,0,0
professional_602,754,1353,143,1,104,3733,43,1,0
fake_pro_519,42,7,4,0,24,40,2,0,1
fake_pro_974,6,27,9,1,48,14,3,0,1
professional_64,903,4020,170,1,330,1573,41,0,0
fake_pro_62,14,0,6,1,66,71,0,0,1
fake_pro_68,37,9,4,0,47,34,1,0,1
professional_162,1157,4201,134,1,393,1727,9,1,0
professional_743,732,3781,50,1,333,2342,23,0,0
fake_pro_784,6,20,3,0,60,88,0,0,1
professional_904,1448,3349,119,1,236,2684,30,1,0
fake_pro_639,48,18,2,0,6,13,2,0,1
fake_pro_758,16,7,5,1,10,22,4,0,1
fake_pro_690,48,18,6,0,64,68,3,0,1
fake_pro_668,8,23,0,1,78,61,2,0,1
professional_330,519,3895,132,1,203,1223,48,1,0
fake_pro_161,43,24,0,0,58,56,1,0,1
fake_pro_165,46,0,8,1,23,80,3,0,1
professional_119,782,2022,146,1,174,1187,20,0,0
fake_pro_819,34,8,8,1,69,56,2,0,1
fake_pro_371,16,29,4,0,53,3,4,0,1
fake_pro_646,43,3,4,1,7,77,4,0,1
fake_pro_218,40,17,8,1,10,31,4,0,1
professional_211,722,1583,114,1,120,3123,11,0,0
professional_33,194,4318,12,1,163,3713,6,0,0
professional_271,920,1418,22,1,185,1274,37,1,0
fake_pro_331,24,13,7,0,0,12,0,0,1
fake_pro_288,26,27,7,1,62,6,2,0,1
fake_pro_952,15,10,0,1,10,83,0,0,1
fake_pro_417,39,2,1,1,77,49,3,0,1
professional_334,1681,1564,35,1,337,1771,27,0,0
professional_824,1276,349,73,1,378,2359,37,0,0
fake_pro_98,47,9,1,0,58,67,1,0,1
professional_60,1136,2291,36,1,206,2373,8,0,0
fake_pro_861,33,11,3,1,44,70,2,0,1
professional_30,748,1978,16,1,396,3037,36,1,0
professional_251,1030,59,169,1,382,2413,23,0,0
professional_778,1402,2089,75,1,189,2941,38,0,0
professional_487,1530,2131,47,1,479,1989,10,1,0
fake_pro_550,45,4,0,0,54,59,3,0,1
fake_pro_575,18,5,3,1,57,45,1,0,1
fake_pro_262,10,7,5,0,19,82,2,0,1
fake_pro_115,37,18,8,1,39,19,4,0,1
professional_83,250,2516,136,1,328,1949,14,1,0
fake_pro_892,8,1,0,1,27,15,3,0,1
fake_pro_26,17,11,5,1,56,43,4,0,1
fake_pro_432,16,9,6,0,68,10,3,0,1
professional_947,1189,644,135,1,341,1603,22,0,0
professional_794,1988,1947,123,1,186,571,34,0,0
fake_pro_392,42,25,9,0,69,36,2,0,1
fake_pro_555,40,29,3,0,26,65,3,0,1
fake_pro_361,27,29,8,0,15,6,4,0,1
fake_pro_179,20,7,1,0,6,27,0,0,1
professional_127,1879,4675,47,1,422,2770,22,0,0
professional_887,610,2591,68,1,272,785,38,1,0
professional_809,620,3999,45,1,170,949,28,0,0
professional_19,1663,3610,81,1,309,1264,29,0,0
fake_pro_37,43,24,8,1,64,11,4,0,1
fake_pro_255,45,22,3,1,17,31,4,0,1
professional_2,859,4333,104,1,227,2182,47,0,0
professional_610,749,2792,177,1,369,2202,12,0,0
professional_120,1818,4036,147,1,243,2238,27,0,0
fake_pro_498,21,27,6,0,20,30,4,0,1
professional_199,881,1831,155,1,417,1080,35,0,0
fake_pro_517,42,7,5,0,77,1,0,0,1
professional_366,1307,1078,40,1,316,2430,32,1,0
professional_214,204,2923,182,1,311,604,27,1,0
fake_pro_413,33,23,5,1,35,72,1,0,1
professional_372,722,2937,81,1,180,2751,17,0,0
fake_pro_211,19,6,4,1,50,18,0,0,1
fake_pro_46,23,6,8,0,28,48,2,0,1
professional_155,1940,3012,95,1,430,1675,20,0,0
fake_pro_838,13,2,1,0,77,62,4,0,1
fake_pro_914,6,19,8,1,21,47,4,0,1
fake_pro_29,35,24,2,0,26,10,1,0,1
fake_pro_789,26,14,8,1,25,23,2,0,1
professional_286,425,472,119,1,394,1918,21,0,0
professional_991,375,2650,72,1,464,1969,37,0,0
professional_710,1121,1067,122,1,132,1010,13,0,0
fake_pro_92,7,22,0,0,27,23,4,0,1
professional_753,1815,772,131,1,403,1138,17,0,0
professional_629,1787,2942,25,1,320,382,16,1,0
professional_252,255,2659,146,1,106,917,34,0,0
professional_387,563,50,63,1,265,2012,28,0,0
professional_494,1279,2206,77,1,204,1731,47,0,0
fake_pro_491,30,4,9,0,16,7,0,0,1
fake_pro_721,47,25,7,1,1,38,1,0,1
professional_593,1030,1185,161,1,413,3372,14,1,0
professional_346,1587,1225,35,1,478,1606,23,1,0
fake_pro_136,41,2,7,0,74,21,3,0,1
professional_474,212,452,121,1,409,1155,21,0,0
professional_333,1565,2338,159,1,414,2264,8,0,0
fake_pro_772,10,18,4,1,36,84,2,0,1
fake_pro_729,27,18,4,0,66,2,3,0,1
fake_pro_163,35,14,1,0,78,62,0,0,1
fake_pro_634,47,19,1,0,11,69,2,0,1
fake_pro_660,37,11,2,0,15,61,3,0,1
fake_pro_13,36,19,0,1,59,82,3,0,1
professional_717,1789,4521,180,1,396,1831,15,1,0
professional_140,1936,3845,156,1,396,1885,15,1,0
professional_274,1963,4991,130,1,285,3292,34,0,0
professional_544,1968,1703,47,1,157,2439,7,0,0
fake_pro_956,35,7,1,1,14,79,0,0,1
professional_511,1629,3865,128,1,163,3541,37,0,0
professional_561,1610,2496,28,1,133,2739,31,0,0
fake_pro_38,8,28,8,1,48,47,2,0,1
professional_321,1058,713,24,1,142,1610,5,0,0
fake_pro_714,26,4,5,1,10,72,1,0,1
fake_pro_982,48,23,4,1,9,46,4,0,1
fake_pro_602,38,27,5,1,36,6,4,0,1
fake_pro_692,47,20,8,0,42,4,2,0,1
fake_pro_427,42,27,2,0,55,77,1,0,1
professional_157,783,905,68,1,192,2577,24,0,0
professional_135,520,4719,71,1,177,3108,49,0,0
professional_87,211,259,71,1,324,2077,32,0,0
professional_287,1818,2482,29,1,368,3054,24,0,0
fake_pro_688,34,11,6,0,27,28,2,0,1
fake_pro_869,3,28,5,1,39,36,3,0,1
fake_pro_939,33,0,0,0,12,33,4,0,1
professional_185,307,1817,193,1,495,3001,41,0,0
fake_pro_35,42,11,9,0,12,74,0,0,1
professional_217,1949,2884,30,1,462,784,25,0,0
professional_601,947,2532,93,1,107,471,43,0,0
fake_pro_966,7,13,8,1,25,37,0,0,1
fake_pro_94,7,17,8,0,55,20,1,0,1
professional_667,1982,1518,163,1,425,2167,43,0,0
fake_pro_170,14,25,3,1,62,85,0,0,1
professional_264,162,2114,145,1,497,1999,26,0,0
fake_pro_61,12,27,8,0,11,87,4,0,1
professional_498,1966,364,113,1,285,2066,6,0,0
professional_36,1082,4439,143,1,179,3581,9,1,0
professional_319,1443,3794,85,1,324,3600,8,1,0
professional_527,361,4992,47,1,397,2796,38,0,0
professional_518,1304,4161,193,1,455,606,32,0,0
professional_657,1547,3803,38,1,212,2125,49,0,0
professional_950,424,3923,158,1,270,3181,19,0,0
professional_653,295,750,12,1,258,2080,6,0,0
professional_739,1138,1481,51,1,313,3428,26,1,0
professional_871,1171,3835,35,1,337,3802,15,0,0
fake_pro_607,40,3,4,0,58,66,4,0,1
professional_488,708,801,147,1,275,3930,40,0,0
professional_516,1303,4926,135,1,326,1931,11,0,0
fake_pro_687,16,8,1,1,52,58,2,0,1
fake_pro_811,43,2,0,1,3,86,3,0,1
professional_833,615,2910,196,1,269,3430,5,1,0
professional_863,403,565,56,1,347,961,46,0,0
professional_989,171,2821,119,1,197,466,31,0,0
fake_pro_963,31,24,8,1,41,19,1,0,1
fake_pro_637,34,6,5,0,9,73,4,0,1
professional_828,1272,298,115,1,260,2912,13,0,0
professional_499,1820,3131,16,1,383,2936,5,0,0
professional_706,1802,4836,162,1,386,3066,33,0,0
professional_942,488,4853,106,1,429,3611,9,0,0
fake_pro_300,5,20,1,1,71,81,0,0,1
fake_pro_722,43,13,1,1,39,45,2,0,1
professional_411,151,4284,191,1,260,3929,20,0,0
fake_pro_83,36,4,0,0,56,83,1,0,1
fake_pro_633,16,2,0,0,55,37,0,0,1
fake_pro_316,37,25,5,1,1,22,0,0,1
professional_440,632,468,72,1,311,3980,5,0,0
fake_pro_932,5,5,3,0,34,50,0,0,1
fake_pro_934,38,19,4,1,57,42,1,0,1
professional_965,1688,2283,33,1,429,1242,20,1,0
fake_pro_915,32,24,1,1,70,85,0,0,1
professional_549,1956,4868,34,1,426,430,39,0,0
professional_855,1281,1154,88,1,103,541,22,0,0
professional_582,1488,4947,15,1,242,1135,48,0,0
professional_284,129,4274,116,1,389,933,19,0,0
fake_pro_306,41,13,5,1,76,27,3,0,1
professional_967,660,4247,126,1,238,2474,15,0,0
fake_pro_309,38,11,6,0,35,25,0,0,1
fake_pro_948,38,12,2,0,24,68,1,0,1
professional_213,1820,2724,151,1,295,2755,23,0,0
fake_pro_990,40,9,8,0,68,14,3,0,1
professional_627,1052,2782,134,1,296,1020,21,1,0
professional_835,1599,619,61,1,285,2297,19,0,0
fake_pro_964,5,9,7,0,40,37,1,0,1
professional_50,415,4304,49,1,240,784,12,0,0
professional_880,1304,3059,78,1,217,1678,22,1,0
fake_pro_531,37,19,7,1,14,12,4,0,1
professional_89,1261,4995,90,1,249,2694,21,0,0
professional_532,824,69,163,1,102,1233,41,1,0
professional_698,696,575,64,1,240,913,49,0,0
fake_pro_464,15,4,3,0,34,32,1,0,1
professional_52,909,1970,125,1,327,2962,44,1,0
fake_pro_856,39,13,7,0,15,22,0,0,1
professional_846,1418,2841,28,1,200,2143,45,0,0
professional_345,235,502,57,1,350,1396,19,0,0
professional_45,1062,2605,129,1,163,1252,25,0,0
fake_pro_433,33,8,0,0,35,74,2,0,1
fake_pro_867,4,23,5,1,49,13,2,0,1
fake_pro_410,31,21,3,1,30,53,1,0,1
professional_167,1895,2361,111,1,436,551,40,1,0
fake_pro_456,0,9,2,1,74,81,3,0,1
fake_pro_926,22,27,0,1,3,4,4,0,1
professional_940,167,3909,169,1,357,828,38,0,0
fake_pro_442,26,29,2,0,42,28,0,0,1
fake_pro_537,14,11,8,1,15,84,4,0,1
fake_pro_156,49,4,4,0,29,29,1,0,1
fake_pro_147,37,1,4,0,62,76,4,0,1
professional_551,950,1285,24,1,314,2293,30,1,0
fake_pro_434,49,8,9,1,17,72,4,0,1
fake_pro_707,36,22,1,0,18,11,3,0,1
fake_pro_191,30,29,9,1,43,84,2,0,1
fake_pro_96,14,28,5,1,70,60,0,0,1
professional_39,1645,1089,180,1,275,2734,22,1,0
fake_pro_10,12,13,6,1,11,11,0,0,1
fake_pro_134,24,25,6,0,48,72,0,0,1
professional_777,1851,2410,167,1,341,848,38,0,0
professional_3,1958,2101,53,1,294,2837,49,0,0
professional_598,1972,1006,149,1,143,3971,38,0,0
professional_557,114,3058,175,1,140,3394,16,0,0
professional_302,1366,1536,146,1,417,1406,20,1,0
fake_pro_968,35,18,2,1,21,32,3,0,1
professional_181,594,633,117,1,342,1588,38,0,0
fake_pro_933,32,25,8,1,46,45,2,0,1
fake_pro_632,18,16,0,1,65,45,4,0,1
professional_569,856,3009,93,1,222,3995,30,0,0
professional_903,574,2998,159,1,210,698,44,1,0
fake_pro_641,20,8,2,0,76,60,0,0,1
fake_pro_831,20,17,8,1,62,49,4,0,1
fake_pro_145,30,23,5,0,26,38,2,0,1
fake_pro_354,32,22,4,1,23,18,4,0,1
fake_pro_148,19,18,7,1,24,37,4,0,1
professional_520,1816,416,142,1,130,3077,36,0,0
professional_957,1336,4542,13,1,248,2307,7,1,0
professional_517,1909,2306,166,1,217,1111,8,0,0
professional_866,885,1514,47,1,132,492,8,0,0
fake_pro_798,4,24,1,0,12,41,1,0,1
professional_872,1954,1395,173,1,114,983,29,0,0
professional_192,1226,4946,88,1,332,2150,9,0,0
fake_pro_469,47,29,3,1,0,48,3,0,1
fake_pro_796,17,12,4,1,58,32,3,0,1
fake_pro_505,26,6,2,0,22,36,0,0,1
professional_901,368,4776,145,1,405,3417,33,0,0
fake_pro_0,21,0,7,1,49,16,3,0,1
fake_pro_561,41,0,9,1,16,41,4,0,1
professional_731,1737,3629,54,1,498,1898,19,0,0
professional_848,1398,2668,83,1,252,3853,9,0,0
fake_pro_858,14,23,4,1,13,34,1,0,1
professional_305,1382,4520,108,1,433,3395,33,1,0
fake_pro_558,27,19,7,1,24,12,1,0,1
fake_pro_665,27,26,4,1,74,70,4,0,1
fake_pro_193,36,29,6,1,76,89,4,0,1
fake_pro_177,12,2,8,1,30,51,2,0,1
fake_pro_987,5,19,4,1,67,71,1,0,1
fake_pro_752,46,23,8,0,6,45,1,0,1
professional_503,666,1699,120,1,336,942,28,0,0
professional_862,840,118,107,1,235,3065,47,1,0
fake_pro_718,38,6,8,0,0,46,0,0,1
fake_pro_207,21,14,5,0,61,21,1,0,1
fake_pro_648,47,18,7,1,0,63,3,0,1
fake_pro_249,13,5,0,1,50,33,1,0,1
fake_pro_143,15,0,9,0,68,41,2,0,1
fake_pro_446,30,26,3,0,35,60,3,0,1
professional_98,377,4413,12,1,475,2874,12,0,0
professional_414,1766,592,41,1,325,1143,40,0,0
fake_pro_54,38,11,1,0,65,32,2,0,1
professional_374,970,2321,144,1,400,3629,29,0,0
fake_pro_278,13,15,1,1,15,9,2,0,1
professional_831,230,4373,181,1,476,3419,26,1,0
fake_pro_40,14,21,6,1,16,2,4,0,1
fake_pro_618,27,21,0,1,28,59,3,0,1
fake_pro_913,44,15,9,1,24,76,3,0,1
professional_220,617,3240,122,1,232,2527,43,0,0
fake_pro_109,2,19,4,1,52,76,4,0,1
professional_621,1004,4687,26,1,211,774,48,0,0
fake_pro_846,14,29,1,1,58,86,1,0,1
professional_327,1284,1573,190,1,442,3811,9,0,0
fake_pro_121,47,19,4,1,76,68,4,0,1
fake_pro_847,31,12,6,1,39,79,1,0,1
professional_417,304,4100,138,1,347,913,18,1,0
fake_pro_301,31,0,6,1,55,82,3,0,1
professional_666,1910,599,72,1,258,3688,8,1,0
fake_pro_232,21,9,4,0,3,49,3,0,1
fake_pro_511,14,28,1,0,65,76,4,0,1
professional_114,772,2662,73,1,413,1055,8,1,0
professional_195,522,110,113,1,199,1446,18,0,0
fake_pro_118,19,1,4,1,54,20,2,0,1
fake_pro_827,8,24,2,1,66,16,1,0,1
fake_pro_737,42,23,5,1,26,35,3,0,1
professional_668,384,882,140,1,113,408,11,0,0
professional_894,134,2009,24,1,281,780,6,0,0
professional_309,489,1890,42,1,297,1919,6,0,0
professional_234,1090,1721,88,1,435,2793,13,0,0
fake_pro_929,14,21,7,1,3,52,3,0,1
fake_pro_321,35,11,1,1,16,88,0,0,1
fake_pro_711,23,8,2,0,76,65,1,0,1
fake_pro_195,34,18,7,0,74,86,1,0,1
professional_745,1515,3925,59,1,466,2732,47,1,0
fake_pro_877,23,17,6,0,75,14,0,0,1
fake_pro_593,34,28,5,1,52,80,2,0,1
professional_480,1522,1199,96,1,386,3526,29,0,0
professional_390,661,3864,160,1,496,1186,37,0,0
fake_pro_45,12,19,0,1,3,43,0,0,1
fake_pro_404,17,28,0,1,29,89,0,0,1
fake_pro_808,16,20,6,1,11,52,3,0,1
professional_595,373,3379,77,1,227,1374,15,1,0
fake_pro_817,37,17,1,1,54,54,4,0,1
professional_676,354,1516,38,1,202,2479,49,1,0
fake_pro_168,38,21,3,1,45,43,0,0,1
professional_868,1310,756,188,1,354,2963,37,0,0
fake_pro_910,33,16,3,1,28,34,1,0,1
fake_pro_643,23,13,3,0,60,9,0,0,1
professional_852,1042,2299,178,1,172,3751,40,0,0
professional_388,704,112,143,1,279,1516,11,0,0
professional_770,1264,2722,22,1,498,2686,20,1,0
professional_58,255,2193,40,1,488,2044,48,1,0
fake_pro_175,21,26,9,1,30,49,2,0,1
fake_pro_962,33,15,0,1,42,85,2,0,1
fake_pro_287,20,12,0,0,68,55,3,0,1
professional_581,1516,773,50,1,203,1958,7,0,0
fake_pro_656,14,7,8,1,5,15,2,0,1
professional_69,430,298,126,1,307,3988,26,0,0
professional_844,1807,99,149,1,205,697,40,0,0
fake_pro_928,49,15,1,0,41,65,0,0,1
professional_137,1117,2907,53,1,420,425,20,0,0
fake_pro_834,36,22,1,1,5,36,3,0,1
professional_320,217,2168,138,1,494,2399,19,0,0
professional_724,1520,4034,74,1,375,2521,35,0,0
fake_pro_269,21,23,8,1,73,72,1,0,1
fake_pro_943,13,6,3,1,25,44,2,0,1
professional_194,1306,1343,190,1,461,3051,41,0,0
fake_pro_36,0,10,8,1,52,18,2,0,1
professional_786,166,4127,130,1,158,1008,24,0,0
professional_363,131,438,195,1,401,1360,33,1,0
professional_47,1376,4625,62,1,118,2468,46,1,0
fake_pro_961,44,16,7,1,7,4,0,0,1
professional_804,1383,2207,121,1,396,2511,39,0,0
professional_814,1956,1719,186,1,261,924,40,0,0
fake_pro_423,17,6,0,1,62,28,0,0,1
fake_pro_709,33,13,7,1,50,36,4,0,1
professional_125,1110,272,156,1,350,3547,5,0,0
professional_256,450,3087,157,1,423,3946,6,0,0
professional_795,498,1747,110,1,176,1908,18,0,0
fake_pro_293,35,11,0,1,6,58,1,0,1
professional_32,349,3228,122,1,127,548,13,0,0
professional_838,1582,2884,73,1,356,3114,9,0,0
professional_145,1941,2360,33,1,271,1427,17,1,0
professional_169,853,1708,24,1,290,2210,24,0,0
fake_pro_338,45,14,6,1,27,16,3,0,1
fake_pro_329,25,1,3,0,19,19,1,0,1
fake_pro_516,22,1,3,0,25,19,3,0,1
fake_pro_693,48,22,6,0,49,1,2,0,1
fake_pro_244,23,18,2,0,33,85,4,0,1
fake_pro_357,3,17,4,1,18,82,2,0,1
fake_pro_76,9,13,1,1,32,76,3,0,1
fake_pro_409,15,16,6,1,21,82,3,0,1
professional_974,1767,4702,76,1,390,1978,25,0,0
professional_735,787,3570,51,1,296,3140,28,0,0
fake_pro_771,7,27,6,0,70,86,1,0,1
fake_pro_781,34,7,2,0,79,78,4,0,1
professional_338,387,4635,69,1,208,2863,28,0,0
fake_pro_91,10,24,0,1,39,64,0,0,1
fake_pro_518,12,13,8,1,28,81,1,0,1
fake_pro_210,29,13,7,0,38,12,0,0,1
fake_pro_568,2,25,5,1,8,35,1,0,1
fake_pro_795,45,15,0,1,3,77,4,0,1
professional_675,401,1495,135,1,268,1321,29,1,0
fake_pro_802,47,2,7,0,54,18,4,0,1
fake_pro_466,45,22,3,1,54,83,4,0,1
fake_pro_233,33,0,4,1,60,37,1,0,1
professional_603,397,420,62,1,461,2213,37,0,0
professional_958,1723,2780,171,1,379,3607,40,0,0
professional_616,825,3805,186,1,453,383,15,0,0
fake_pro_571,27,15,7,0,23,59,4,0,1
professional_222,398,4278,40,1,256,1639,44,0,0
professional_437,108,3595,160,1,116,3220,45,0,0
professional_893,1397,1273,139,1,419,2801,10,1,0
fake_pro_137,28,23,9,1,46,8,0,0,1
fake_pro_299,22,4,3,0,44,70,4,0,1
fake_pro_47,44,0,9,1,45,2,0,0,1
professional_397,1356,2034,182,1,329,587,37,0,0
fake_pro_9,10,29,6,0,63,11,0,0,1
professional_690,1235,1825,171,1,453,3884,25,0,0
fake_pro_253,37,5,2,1,55,56,3,0,1
professional_81,1944,4103,26,1,485,2265,18,1,0
professional_405,1936,3341,33,1,484,2519,14,0,0
professional_173,1339,1978,43,1,376,1648,35,1,0
fake_pro_985,26,0,8,0,53,30,0,0,1
fake_pro_946,6,5,8,1,25,34,2,0,1
professional_376,519,3189,99,1,295,1713,26,0,0
professional_382,429,4320,151,1,416,1958,16,1,0
professional_329,636,3288,70,1,172,3430,17,0,0
fake_pro_127,22,10,0,1,62,22,1,0,1
fake_pro_457,18,17,6,0,31,9,4,0,1
professional_591,764,476,147,1,100,1228,25,1,0
fake_pro_582,16,5,0,1,0,20,1,0,1
fake_pro_447,21,19,7,0,6,85,4,0,1
professional_697,282,4025,122,1,177,1260,28,0,0
fake_pro_396,1,14,5,1,39,17,1,0,1
fake_pro_526,41,10,3,0,28,15,0,0,1
professional_475,1578,2136,164,1,354,3905,46,0,0
professional_90,1356,4016,116,1,460,3984,8,0,0
professional_732,434,1954,155,1,406,3356,13,1,0
professional_543,1051,1492,82,1,296,2477,10,0,0
professional_679,791,964,99,1,139,2146,11,0,0
fake_pro_111,46,27,0,0,50,23,1,0,1
fake_pro_994,46,9,3,0,34,7,0,0,1
fake_pro_556,47,8,5,1,36,13,1,0,1
professional_378,1887,4785,152,1,146,2168,34,0,0
fake_pro_705,24,0,6,1,26,12,4,0,1
professional_747,1763,2096,95,1,462,574,24,0,0
fake_pro_546,46,24,7,0,11,10,0,0,1
professional_672,478,2795,173,1,124,3513,40,0,0
fake_pro_573,38,16,1,1,44,10,1,0,1
professional_408,713,1018,77,1,266,2314,32,1,0
fake_pro_863,34,15,9,1,65,15,3,0,1
professional_458,893,3195,73,1,252,829,31,1,0
fake_pro_953,37,25,0,0,7,9,3,0,1
professional_182,1135,3650,144,1,414,1075,37,0,0
professional_755,1717,4885,65,1,451,1852,10,0,0
professional_74,407,751,89,1,462,3914,17,0,0
fake_pro_774,44,28,0,1,4,6,0,0,1
fake_pro_596,35,16,9,0,6,79,0,0,1
professional_133,1799,493,87,1,209,2231,41,0,0
fake_pro_768,27,13,4,1,9,74,2,0,1
professional_830,1776,4179,111,1,486,3929,25,0,0
professional_721,1956,2106,121,1,219,3440,20,0,0
professional_998,570,2718,143,1,233,2822,19,0,0
professional_172,123,3188,62,1,386,755,15,0,0
professional_756,112,3420,121,1,130,1064,20,0,0
professional_106,1159,952,146,1,218,1027,21,0,0
fake_pro_349,29,15,2,0,32,75,2,0,1
professional_276,980,1365,57,1,497,2477,30,1,0
professional_188,1319,4256,160,1,276,1715,25,0,0
professional_839,635,2172,43,1,457,2025,33,0,0
professional_820,1723,1607,102,1,342,2780,33,0,0
professional_622,1876,3176,75,1,291,1791,21,0,0
professional_112,1297,4294,130,1,174,1895,34,1,0
professional_832,1575,4730,26,1,438,2823,8,1,0
professional_409,662,291,123,1,370,1062,26,0,0
fake_pro_809,9,21,4,1,14,57,0,0,1
fake_pro_21,14,7,9,0,6,60,3,0,1
professional_578,274,1270,15,1,286,598,42,0,0
professional_626,719,3674,191,1,149,988,12,1,0
professional_973,1660,665,75,1,211,1972,41,0,0
professional_260,1618,1418,31,1,428,947,28,0,0
fake_pro_487,35,10,5,0,6,78,1,0,1
professional_66,114,4700,53,1,220,1696,17,0,0
fake_pro_713,26,11,7,1,35,4,3,0,1
fake_pro_282,5,19,9,1,77,58,3,0,1
fake_pro_912,48,29,5,0,58,50,3,0,1
fake_pro_153,30,3,9,1,20,9,3,0,1
professional_371,173,4423,103,1,262,1175,41,1,0
fake_pro_298,32,29,2,1,43,36,2,0,1
professional_588,1174,202,94,1,208,785,14,0,0
fake_pro_49,41,24,2,0,45,5,0,0,1
fake_pro_657,35,23,2,1,10,54,1,0,1
fake_pro_291,15,12,4,1,36,64,1,0,1
professional_429,965,2590,74,1,333,1564,19,0,0
professional_509,1839,2016,22,1,447,1594,36,0,0
professional_802,268,1783,86,1,352,1546,46,0,0
professional_383,438,3815,140,1,368,2859,13,0,0
fake_pro_164,17,4,6,1,37,74,2,0,1
fake_pro_297,20,0,0,0,30,23,1,0,1
fake_pro_735,38,16,9,1,41,87,2,0,1
professional_584,857,4903,24,1,228,2713,26,0,0
fake_pro_271,38,16,3,0,50,55,4,0,1
fake_pro_502,43,24,6,1,14,29,2,0,1
professional_707,826,2267,65,1,406,3690,40,0,0
fake_pro_439,47,29,1,0,68,16,2,0,1
professional_728,173,3164,139,1,111,3870,24,0,0
professional_76,321,991,81,1,147,3443,35,0,0
fake_pro_69,32,12,4,1,18,50,0,0,1
fake_pro_476,8,14,4,0,63,37,2,0,1
fake_pro_17,26,0,4,0,70,51,3,0,1
professional_599,462,1751,155,1,105,3279,46,0,0
fake_pro_130,38,19,1,1,30,66,2,0,1
fake_pro_80,9,12,4,0,30,15,3,0,1
fake_pro_86,4,27,4,1,6,59,4,0,1
professional_665,1664,2899,97,1,383,3601,40,0,0
professional_29,643,1722,106,1,118,3455,38,0,0
professional_780,709,3984,68,1,109,1658,19,0,0
professional_197,1680,1598,105,1,426,841,45,0,0
fake_pro_205,38,21,0,0,15,30,0,0,1
professional_238,1334,4902,100,1,127,2061,30,0,0
professional_62,564,988,194,1,376,804,20,1,0
professional_836,1386,269,197,1,156,1716,40,1,0
professional_701,914,4553,89,1,149,1817,12,1,0
professional_496,261,3082,121,1,386,1449,7,0,0
professional_463,1152,2550,168,1,114,1719,42,1,0
fake_pro_908,6,27,1,1,27,85,2,0,1
fake_pro_370,15,1,2,1,28,72,1,0,1
fake_pro_328,31,29,7,1,40,52,1,0,1
fake_pro_569,40,4,5,0,30,50,1,0,1
professional_823,803,3501,58,1,461,3418,15,1,0
professional_684,523,1854,23,1,243,705,20,1,0
fake_pro_394,31,17,5,1,37,18,1,0,1
professional_927,1137,1076,163,1,467,2495,42,0,0
professional_132,1706,1892,142,1,448,389,11,0,0
professional_272,1488,188,30,1,145,2124,8,0,0
fake_pro_630,40,6,4,0,10,9,4,0,1
professional_268,1787,3466,76,1,358,3779,44,1,0
professional_813,439,2496,27,1,385,1132,35,0,0
fake_pro_11,32,27,8,1,40,22,4,0,1
fake_pro_197,16,14,5,0,52,15,3,0,1
fake_pro_500,19,29,4,1,52,50,2,0,1
professional_840,1901,4281,104,1,300,2313,31,1,0
fake_pro_149,45,27,7,0,57,31,1,0,1
fake_pro_81,29,24,1,0,27,83,2,0,1
professional_918,736,4489,36,1,176,2393,46,1,0
fake_pro_747,25,3,3,0,3,7,4,0,1
fake_pro_454,2,1,3,1,52,54,0,0,1
fake_pro_16,38,28,8,1,47,63,3,0,1
professional_352,1825,241,24,1,387,1855,10,0,0
fake_pro_629,8,1,0,1,40,76,4,0,1
fake_pro_941,9,4,5,0,17,44,1,0,1
fake_pro_235,12,22,2,1,12,31,1,0,1
fake_pro_921,27,24,3,0,13,41,1,0,1
professional_562,515,3840,61,1,417,2954,19,0,0
fake_pro_911,46,16,2,1,76,73,0,0,1
professional_558,149,3244,10,1,452,1716,9,1,0
fake_pro_376,26,2,0,1,7,45,4,0,1
fake_pro_683,39,9,7,0,11,65,1,0,1
professional_357,905,185,37,1,199,672,47,1,0
fake_pro_206,43,26,8,1,34,35,2,0,1
professional_316,185,1180,39,1,242,2074,23,0,0
professional_430,139,4464,185,1,358,3827,40,0,0
professional_24,983,3527,168,1,311,1659,46,1,0
professional_476,1785,2277,88,1,367,3004,7,0,0
professional_479,1722,4693,130,1,349,2713,25,0,0
fake_pro_605,27,26,6,1,7,82,1,0,1
fake_pro_363,41,29,5,1,48,33,2,0,1
fake_pro_273,20,3,1,0,45,70,2,0,1
professional_292,812,114,73,1,475,3892,11,0,0
professional_353,480,90,88,1,344,2340,27,0,0
professional_694,1671,3380,128,1,385,813,29,0,0
fake_pro_719,22,9,8,1,25,4,2,0,1
professional_424,1137,1200,74,1,424,2675,9,0,0
fake_pro_977,24,22,5,0,59,65,0,0,1
professional_773,1947,515,105,1,294,467,27,0,0
professional_242,1025,4794,189,1,464,1639,16,0,0
fake_pro_377,20,24,9,0,47,66,4,0,1
fake_pro_337,39,10,5,1,2,84,4,0,1
fake_pro_28,30,29,6,1,11,31,4,0,1
professional_483,607,3203,77,1,467,2143,5,0,0
fake_pro_212,31,16,4,1,9,60,1,0,1
fake_pro_824,30,21,6,0,9,26,3,0,1
fake_pro_151,3,10,8,0,0,18,4,0,1
fake_pro_751,4,0,7,1,15,62,4,0,1
professional_539,565,1204,47,1,362,3711,24,0,0
professional_637,428,4741,91,1,357,372,19,0,0
professional_776,1383,2589,91,1,488,1602,33,1,0
fake_pro_534,42,4,7,0,16,21,4,0,1
professional_23,834,1060,62,1,400,2879,29,0,0
professional_972,1570,1190,15,1,398,3569,44,0,0
professional_955,286,3070,149,1,398,3130,23,0,0
fake_pro_903,13,17,6,0,31,37,2,0,1
fake_pro_520,3,22,0,1,55,55,1,0,1
fake_pro_343,35,12,8,0,6,86,3,0,1
fake_pro_489,22,0,8,1,45,89,3,0,1
fake_pro_886,5,11,0,1,15,60,1,0,1
fake_pro_880,43,12,3,0,30,8,1,0,1
professional_299,766,2463,126,1,356,3921,26,1,0
professional_438,449,1263,108,1,299,1695,33,0,0
professional_386,178,397,133,1,362,797,41,0,0
fake_pro_144,17,19,6,0,7,37,4,0,1
professional_248,151,1003,173,1,413,1341,48,0,0
fake_pro_192,35,5,8,1,20,24,0,0,1
professional_905,1479,1218,106,1,454,3479,42,0,0
fake_pro_386,35,1,0,0,16,36,4,0,1
professional_714,941,4119,63,1,225,3025,29,0,0
fake_pro_258,40,5,7,1,0,87,4,0,1
professional_151,526,3244,165,1,292,3330,32,1,0
fake_pro_23,5,29,4,1,75,13,3,0,1
fake_pro_944,2,15,3,1,37,84,3,0,1
fake_pro_131,8,28,3,1,68,85,0,0,1
professional_671,169,335,59,1,371,545,27,1,0
fake_pro_228,41,4,7,1,2,19,2,0,1
professional_744,418,2324,108,1,313,725,39,0,0
fake_pro_367,11,6,8,1,78,57,3,0,1
fake_pro_786,35,14,9,0,3,15,1,0,1
fake_pro_400,14,9,8,1,65,2,0,0,1
professional_576,1433,3562,21,1,414,1807,10,1,0
professional_21,837,1555,138,1,118,2347,12,1,0
professional_526,740,3571,53,1,148,3883,40,0,0
professional_537,359,1315,186,1,341,1060,24,0,0
professional_179,1069,369,30,1,283,3765,11,0,0
fake_pro_957,26,23,2,1,55,37,3,0,1
professional_662,359,572,103,1,130,3393,29,0,0
fake_pro_236,10,6,9,0,11,59,3,0,1
professional_639,756,1206,63,1,289,1706,30,0,0
fake_pro_529,8,9,6,0,31,7,2,0,1
professional_779,1408,1234,100,1,444,588,31,0,0
fake_pro_900,15,1,9,0,10,17,0,0,1
fake_pro_843,24,22,3,1,7,44,0,0,1
fake_pro_836,21,29,1,1,64,74,1,0,1
professional_466,1271,97,137,1,351,2501,43,1,0
professional_20,369,1824,122,1,135,2166,41,0,0
professional_223,960,1258,171,1,434,2391,23,1,0
fake_pro_340,24,4,3,1,15,42,1,0,1
professional_932,1427,2855,176,1,496,904,19,0,0
professional_553,1291,4810,46,1,429,3802,28,1,0
fake_pro_435,47,5,9,1,56,69,0,0,1
professional_26,383,1227,21,1,316,2766,38,1,0
professional_393,692,894,29,1,451,479,7,0,0
fake_pro_52,21,28,9,0,60,77,1,0,1
professional_821,1586,3788,164,1,265,3156,47,1,0
professional_290,210,1008,53,1,122,3353,28,0,0
professional_937,1798,425,79,1,177,3675,7,1,0
professional_134,384,2515,62,1,437,2921,36,0,0
professional_108,537,3503,48,1,362,1734,9,0,0
professional_226,996,2631,135,1,114,2591,24,0,0
fake_pro_557,17,11,8,0,15,67,1,0,1
fake_pro_346,43,14,1,1,42,68,1,0,1
professional_84,1820,3706,18,1,244,3020,11,0,0
professional_764,1824,378,50,1,305,756,18,0,0
professional_630,1231,3861,90,1,479,2596,42,0,0
fake_pro_810,17,14,5,1,1,9,2,0,1
fake_pro_552,16,17,9,0,68,59,4,0,1
professional_451,1533,589,155,1,484,3385,14,0,0
fake_pro_884,20,17,1,0,71,74,0,0,1
professional_644,926,1934,125,1,215,3325,21,0,0
fake_pro_438,27,11,9,0,13,32,0,0,1
professional_568,487,4421,22,1,219,2569,17,0,0
professional_734,732,3367,185,1,190,2674,30,0,0
professional_344,1141,3977,127,1,235,480,16,0,0
fake_pro_42,8,12,8,1,66,72,1,0,1
fake_pro_480,3,9,9,1,30,80,2,0,1
fake_pro_289,40,17,4,0,76,3,1,0,1
professional_273,249,4973,50,1,445,2399,42,0,0
fake_pro_973,39,14,6,1,78,80,1,0,1
professional_482,709,4989,97,1,152,514,6,0,0
fake_pro_879,21,10,9,0,25,84,2,0,1
fake_pro_642,11,26,0,0,68,12,0,0,1
professional_505,1093,3850,195,1,402,787,25,0,0
professional_577,1250,4910,147,1,227,2884,15,0,0
professional_225,870,4791,63,1,403,3143,24,0,0
fake_pro_955,3,1,6,0,29,49,2,0,1
fake_pro_703,5,18,4,0,23,72,0,0,1
fake_pro_73,4,28,1,0,34,78,2,0,1
fake_pro_90,38,17,1,1,71,44,0,0,1
professional_869,1086,1675,106,1,377,1923,18,0,0
fake_pro_332,30,4,0,1,55,5,0,0,1
fake_pro_133,30,29,3,0,33,7,3,0,1
professional_245,1536,1380,28,1,455,3172,13,1,0
fake_pro_174,39,21,7,0,53,69,3,0,1
professional_884,1089,2332,22,1,224,2274,42,1,0
professional_462,1994,1945,78,1,211,998,37,1,0
fake_pro_919,20,0,4,1,78,63,2,0,1
fake_pro_187,15,2,0,0,34,85,4,0,1
professional_648,1027,1913,156,1,487,3447,35,0,0
fake_pro_160,38,6,4,1,31,7,0,0,1
fake_pro_437,41,24,9,0,22,34,1,0,1
professional_964,276,2710,112,1,144,1055,36,0,0
fake_pro_814,2,19,4,1,54,47,3,0,1
professional_709,641,3630,95,1,159,3691,45,1,0
fake_pro_816,2,1,7,1,21,2,3,0,1
professional_897,1795,4362,147,1,280,2101,7,1,0
professional_688,199,1638,33,1,328,2810,5,0,0
fake_pro_726,1,19,6,0,60,39,1,0,1
professional_473,1798,3702,143,1,467,1929,39,1,0
fake_pro_281,8,25,7,1,14,43,2,0,1
professional_607,1590,2175,18,1,364,913,12,0,0
professional_673,1402,3815,133,1,421,2786,36,0,0
professional_95,260,2874,187,1,464,3640,37,0,0
professional_171,1591,3277,60,1,336,2067,34,0,0
professional_471,1976,2852,150,1,456,1941,6,0,0
professional_7,1920,1009,76,1,460,1084,14,0,0
fake_pro_227,14,18,2,0,9,58,0,0,1
fake_pro_247,21,17,8,0,68,44,3,0,1
fake_pro_365,16,13,2,1,77,50,3,0,1
professional_716,1985,3713,13,1,374,1434,33,0,0
professional_356,1628,3499,168,1,455,1398,37,0,0
fake_pro_538,44,5,6,1,51,57,3,0,1
fake_pro_581,22,4,7,0,29,83,0,0,1
professional_490,389,707,143,1,165,697,39,0,0
professional_797,1460,3415,37,1,303,1831,47,0,0
fake_pro_521,46,5,2,1,30,80,1,0,1
fake_pro_181,42,5,4,0,21,60,4,0,1
fake_pro_2,37,13,2,1,37,35,2,0,1
fake_pro_616,8,15,4,0,15,63,0,0,1
fake_pro_395,33,0,7,1,14,16,3,0,1
professional_597,607,1423,51,1,342,3104,35,0,0
professional_339,1988,628,48,1,108,2930,35,1,0
fake_pro_378,1,1,5,0,75,36,2,0,1
professional_12,492,1393,83,1,209,932,15,0,0
professional_521,1112,2877,172,1,260,1072,48,1,0
fake_pro_6,12,17,4,0,67,11,4,0,1
professional_227,591,3837,162,1,334,1533,14,1,0
professional_232,1809,1713,194,1,101,514,8,1,0
professional_736,674,3109,50,1,168,997,16,0,0
fake_pro_71,14,29,1,0,53,33,1,0,1
professional_969,725,2151,165,1,393,2104,31,1,0
professional_102,596,803,46,1,216,964,16,1,0
professional_224,141,3627,29,1,169,371,33,0,0
professional_960,1474,3947,183,1,265,592,15,0,0
fake_pro_800,10,7,9,0,16,65,2,0,1
professional_858,1088,3406,141,1,119,3272,33,0,0
fake_pro_425,48,15,0,1,29,4,4,0,1
fake_pro_821,8,1,4,0,79,12,0,0,1
professional_491,967,1710,143,1,499,3798,40,0,0
professional_253,1665,171,112,1,404,846,20,0,0
professional_784,247,3429,168,1,217,2526,40,0,0
professional_841,840,4050,96,1,424,2575,29,0,0
fake_pro_74,14,24,9,0,40,59,0,0,1
professional_291,971,874,91,1,477,3516,41,0,0
professional_54,859,1053,30,1,191,3637,13,0,0
fake_pro_139,20,28,9,1,2,28,2,0,1
professional_360,1053,1991,158,1,264,528,5,1,0
fake_pro_623,49,22,2,0,28,17,3,0,1
professional_589,1451,1471,19,1,408,3579,14,0,0
fake_pro_44,27,26,2,1,33,8,4,0,1
fake_pro_743,47,15,0,1,66,29,1,0,1
professional_767,549,4025,181,1,176,3833,30,0,0
fake_pro_667,46,18,7,0,17,78,1,0,1
professional_124,1882,3595,69,1,431,1306,10,1,0
professional_497,723,2033,193,1,473,1183,11,0,0
fake_pro_897,15,14,7,0,64,48,1,0,1
fake_pro_373,14,6,7,0,23,84,0,0,1
professional_328,802,1037,35,1,313,1355,43,0,0
fake_pro_274,5,6,9,1,7,68,3,0,1
professional_51,1840,2057,97,1,124,2979,23,1,0
professional_444,477,4640,75,1,333,2611,10,0,0
professional_902,737,2422,158,1,308,3729,48,1,0
fake_pro_947,3,1,4,0,56,14,2,0,1
professional_660,315,3098,55,1,237,3948,8,0,0
professional_977,1268,1026,57,1,122,435,33,1,0
fake_pro_12,49,8,5,0,41,85,2,0,1
professional_935,1779,4808,27,1,364,2153,5,0,0
professional_550,1033,3453,25,1,264,497,10,0,0
fake_pro_909,44,16,5,1,71,21,0,0,1
professional_400,335,1644,11,1,341,3939,31,0,0
fake_pro_734,11,23,2,1,45,77,0,0,1
professional_453,648,3186,161,1,414,2524,9,0,0
professional_708,157,4304,47,1,254,1948,17,0,0
fake_pro_682,29,10,7,0,38,89,4,0,1
professional_979,1061,1366,87,1,188,670,14,0,0
professional_201,666,3681,55,1,187,2779,39,0,0
fake_pro_580,2,16,9,1,5,34,1,0,1
fake_pro_942,10,4,1,1,34,56,4,0,1
professional_533,568,725,134,1,415,2735,45,0,0
professional_891,1298,2975,19,1,460,2698,27,0,0
professional_966,1453,3372,74,1,288,1151,13,0,0
professional_442,1916,838,179,1,389,3763,22,0,0
fake_pro_720,38,16,7,0,10,13,4,0,1
fake_pro_384,42,6,6,1,5,58,2,0,1
professional_953,1156,1526,26,1,248,2102,37,1,0
fake_pro_989,28,2,9,0,54,65,0,0,1
professional_449,801,2701,135,1,132,3844,8,0,0
fake_pro_756,30,19,7,1,56,5,0,0,1
professional_423,1813,2605,122,1,395,2068,5,1,0
professional_523,1410,2537,192,1,268,799,14,0,0
fake_pro_691,23,15,3,0,2,75,4,0,1
professional_56,1076,2164,30,1,472,1862,21,1,0
professional_244,861,3696,43,1,172,3735,36,1,0
professional_65,319,4049,99,1,405,1443,27,0,0
professional_118,378,1620,85,1,150,2410,11,0,0
fake_pro_586,17,29,4,0,32,89,0,0,1
professional_925,798,2168,87,1,149,1232,34,1,0
fake_pro_959,21,18,5,1,38,50,1,0,1
professional_929,1752,4311,53,1,278,686,48,1,0
fake_pro_599,9,4,7,0,77,51,3,0,1
professional_943,1773,306,177,1,230,3616,45,0,0
professional_908,1488,3859,177,1,183,3928,8,0,0
fake_pro_825,33,0,0,0,18,78,4,0,1
professional_782,641,2832,61,1,367,2249,30,0,0
professional_446,1148,2496,82,1,245,2521,5,0,0
fake_pro_93,36,7,9,0,35,58,3,0,1
professional_816,1229,3586,195,1,168,2098,14,0,0
professional_572,812,4200,98,1,496,2794,6,1,0
professional_570,1988,1908,99,1,346,2257,7,0,0
fake_pro_284,16,24,0,1,33,26,2,0,1
fake_pro_615,45,21,4,0,35,23,2,0,1
fake_pro_842,41,17,8,0,53,43,0,0,1
fake_pro_248,2,24,0,0,47,7,0,0,1
fake_pro_479,38,27,6,0,52,60,1,0,1
fake_pro_889,23,17,2,1,17,15,3,0,1
fake_pro_477,17,25,1,0,31,9,2,0,1
professional_72,1255,3907,152,1,284,3722,43,0,0
fake_pro_341,16,10,7,1,30,3,4,0,1
fake_pro_229,7,6,5,0,61,13,2,0,1
professional_870,328,4802,133,1,232,2142,28,1,0
professional_293,206,4978,131,1,187,3735,12,0,0
fake_pro_158,43,29,2,0,6,69,4,0,1
professional_600,1448,2991,160,1,255,1425,39,1,0
fake_pro_590,30,26,3,0,77,78,0,0,1
fake_pro_431,45,24,1,1,37,39,3,0,1
fake_pro_871,38,4,2,1,40,82,1,0,1
professional_278,1239,3896,72,1,214,3503,11,0,0
fake_pro_677,13,25,5,1,17,40,4,0,1
professional_681,1818,4240,157,1,419,1015,45,0,0
professional_879,186,1395,132,1,234,3115,23,1,0
professional_719,618,4772,133,1,188,1156,30,0,0
fake_pro_265,40,17,5,1,25,53,0,0,1
professional_761,1441,2830,107,1,490,620,37,1,0
fake_pro_788,31,13,4,0,57,70,3,0,1
professional_152,1819,4389,187,1,268,2642,8,0,0
professional_110,1155,2606,34,1,247,2526,17,1,0
fake_pro_671,43,28,9,0,16,19,3,0,1
fake_pro_866,13,13,4,0,78,24,3,0,1
fake_pro_154,19,19,5,1,77,11,0,0,1
fake_pro_923,43,8,1,0,15,2,1,0,1
fake_pro_978,27,8,2,0,56,58,3,0,1
professional_422,244,4549,86,1,331,3363,26,0,0
fake_pro_124,13,23,5,0,36,89,2,0,1
fake_pro_251,31,18,2,0,26,30,4,0,1
fake_pro_458,32,17,0,1,13,70,2,0,1
professional_574,947,2836,50,1,360,1338,27,0,0
fake_pro_527,11,17,4,1,48,8,0,0,1
fake_pro_428,19,14,8,0,18,49,0,0,1
fake_pro_767,37,28,0,1,19,71,2,0,1
fake_pro_18,35,12,6,0,72,45,4,0,1
professional_403,862,1745,177,1,353,1297,14,1,0
professional_696,1210,246,134,1,373,441,34,0,0
professional_452,1948,4805,155,1,440,416,47,1,0
fake_pro_468,14,16,3,1,27,64,4,0,1
professional_542,636,3766,151,1,483,3329,40,0,0
fake_pro_234,34,10,8,1,7,31,3,0,1
fake_pro_857,11,25,8,0,21,31,0,0,1
fake_pro_465,39,19,0,1,36,34,2,0,1
professional_619,417,3014,55,1,314,1649,6,0,0
fake_pro_670,2,24,6,0,78,9,2,0,1
professional_27,1827,3907,57,1,322,1622,7,0,0
fake_pro_171,46,28,2,0,6,35,1,0,1
fake_pro_190,47,5,2,1,60,66,0,0,1
fake_pro_678,45,15,6,1,4,25,0,0,1
professional_402,927,2002,182,1,194,1322,39,0,0
professional_233,1181,606,66,1,335,2809,8,0,0
professional_350,809,4576,158,1,157,2816,9,0,0
fake_pro_186,43,20,0,1,51,20,0,0,1
professional_464,642,2879,77,1,368,1889,12,0,0
fake_pro_14,37,24,8,1,49,62,1,0,1
fake_pro_609,16,13,0,1,6,65,2,0,1
fake_pro_334,44,9,0,0,55,17,1,0,1
fake_pro_216,4,9,4,0,61,22,0,0,1
fake_pro_66,31,9,5,0,51,24,3,0,1
professional_571,554,3023,36,1,459,3287,33,0,0
fake_pro_681,15,4,8,1,43,23,1,0,1
professional_154,1650,3142,165,1,105,3329,16,0,0
professional_704,337,1998,19,1,179,3434,47,0,0
fake_pro_954,3,20,6,0,10,27,1,0,1
professional_13,1736,2019,58,1,165,3797,38,1,0
fake_pro_183,6,27,4,1,16,41,3,0,1
fake_pro_663,8,22,1,1,35,73,0,0,1
professional_877,1056,3592,46,1,411,609,40,0,0
professional_486,923,1372,26,1,141,3893,47,1,0
fake_pro_659,42,5,7,0,14,46,4,0,1
professional_999,553,3588,91,1,295,664,30,0,0
professional_322,981,2684,98,1,250,490,20,0,0
professional_500,816,4783,60,1,103,2628,5,0,0
professional_456,431,4962,160,1,322,2477,15,0,0
professional_141,627,3687,93,1,268,2467,23,0,0
fake_pro_595,11,28,4,1,76,66,0,0,1
professional_317,1339,1463,145,1,407,2126,20,1,0
professional_457,1787,1994,30,1,335,2986,39,0,0
professional_396,472,1284,108,1,467,1359,47,0,0
professional_617,1487,2896,198,1,307,1223,18,0,0
fake_pro_7,25,8,5,1,17,61,3,0,1
fake_pro_426,10,26,2,1,13,66,2,0,1
professional_364,217,1608,197,1,220,3068,12,0,0
fake_pro_142,38,19,5,0,33,89,4,0,1
professional_954,167,4920,155,1,479,2554,14,0,0
professional_96,1525,1300,74,1,255,1677,45,1,0
professional_215,1782,3170,143,1,115,503,12,0,0
professional_632,1015,734,144,1,331,3211,30,0,0
fake_pro_868,29,23,4,1,21,65,3,0,1
professional_432,1760,822,22,1,164,2613,28,0,0
professional_275,1394,3423,28,1,255,1206,24,0,0
fake_pro_509,12,28,7,1,25,75,2,0,1
professional_283,1364,1946,155,1,483,479,24,1,0
professional_725,1788,3730,71,1,252,824,40,1,0
fake_pro_675,27,27,1,0,58,26,0,0,1
fake_pro_452,35,29,4,1,79,46,2,0,1
fake_pro_769,12,13,0,0,34,68,4,0,1
fake_pro_777,24,19,8,0,71,77,4,0,1
fake_pro_345,18,16,3,1,38,45,3,0,1
fake_pro_988,10,18,8,1,68,81,0,0,1
fake_pro_459,41,17,6,1,16,44,2,0,1
fake_pro_241,0,12,7,0,65,45,1,0,1
fake_pro_583,6,9,7,0,62,89,3,0,1
professional_48,1292,508,35,1,431,3043,8,0,0
fake_pro_444,23,21,8,0,17,78,3,0,1
professional_951,766,3486,120,1,246,1463,19,0,0
fake_pro_855,49,6,0,0,61,25,0,0,1
professional_341,511,322,45,1,158,1059,42,0,0
fake_pro_601,28,0,7,1,10,37,4,0,1
fake_pro_585,42,0,2,1,27,55,0,0,1
fake_pro_472,33,17,0,1,54,23,4,0,1
fake_pro_764,33,20,0,1,30,42,3,0,1
professional_669,583,4532,32,1,221,3906,20,0,0
fake_pro_383,3,13,7,1,37,16,3,0,1
professional_304,898,3348,154,1,337,2900,26,0,0
fake_pro_898,9,16,4,0,59,73,4,0,1
professional_994,1369,4843,146,1,193,3365,14,0,0
professional_204,136,108,96,1,339,1202,49,0,0
fake_pro_312,10,18,7,0,66,39,2,0,1
professional_343,627,4004,178,1,291,1293,18,0,0
professional_159,1655,4975,191,1,109,3618,30,0,0
professional_231,184,982,189,1,351,1512,29,0,0
fake_pro_541,36,0,9,0,38,23,4,0,1
professional_625,1727,3574,132,1,286,3740,31,0,0
fake_pro_778,48,15,6,0,78,31,0,0,1
fake_pro_896,13,9,7,1,15,50,0,0,1
professional_79,896,727,37,1,118,3908,43,0,0
professional_156,820,2712,65,1,231,519,40,1,0
fake_pro_389,2,2,1,1,77,1,2,0,1
professional_945,1475,3650,44,1,442,749,33,1,0
professional_524,574,4835,86,1,180,1145,18,0,0
fake_pro_173,7,4,8,1,39,14,3,0,1
fake_pro_794,10,13,3,1,35,73,1,0,1
fake_pro_907,37,26,7,1,2,30,2,0,1
fake_pro_759,19,25,9,0,12,28,0,0,1
professional_210,451,134,10,1,281,1797,20,0,0
fake_pro_937,30,28,2,0,56,71,0,0,1
fake_pro_224,36,1,3,0,38,52,3,0,1
fake_pro_669,1,9,2,1,53,49,2,0,1
fake_pro_486,21,9,3,1,67,11,4,0,1
professional_206,738,2664,12,1,235,3318,14,1,0
fake_pro_878,27,4,9,0,58,30,3,0,1
fake_pro_194,40,21,5,1,46,37,4,0,1
professional_895,316,1015,55,1,451,3196,42,0,0
fake_pro_72,35,19,2,0,67,27,3,0,1
fake_pro_34,26,24,1,1,57,78,3,0,1
fake_pro_339,40,1,9,0,4,16,3,0,1
professional_88,782,1976,28,1,178,2502,6,0,0
professional_834,1614,773,150,1,417,1528,14,0,0
fake_pro_270,47,20,2,0,23,73,2,0,1
professional_205,277,2686,103,1,431,3688,33,0,0
professional_481,961,112,57,1,433,593,43,0,0
professional_105,754,1563,129,1,430,642,14,0,0
fake_pro_930,42,10,7,1,5,47,0,0,1
professional_944,407,4544,145,1,489,2320,44,0,0
professional_31,1279,3889,101,1,125,2784,33,1,0
fake_pro_822,35,3,5,0,7,58,0,0,1
fake_pro_198,41,18,3,1,26,12,1,0,1
fake_pro_87,27,18,6,1,4,85,0,0,1
fake_pro_971,46,15,9,0,35,41,2,0,1
fake_pro_132,23,9,3,1,7,61,4,0,1
professional_38,1946,2947,24,1,201,3517,36,0,0
professional_381,1436,2194,134,1,378,3559,37,0,0
fake_pro_672,47,29,0,0,12,87,3,0,1
fake_pro_350,46,18,2,0,55,40,1,0,1
fake_pro_901,33,26,6,1,74,83,4,0,1
fake_pro_576,41,25,5,0,22,11,3,0,1
professional_560,403,3825,112,1,267,949,26,0,0
fake_pro_105,17,12,8,0,73,81,1,0,1
professional_219,1497,2126,140,1,192,668,32,0,0
fake_pro_852,6,13,4,0,40,16,3,0,1
professional_266,391,3001,41,1,490,1051,5,0,0
professional_528,1646,4567,71,1,467,1898,28,1,0
professional_854,475,2318,21,1,498,2913,38,0,0
fake_pro_893,12,6,4,1,77,74,0,0,1
professional_930,569,547,41,1,366,1150,27,1,0
professional_620,624,736,135,1,494,3397,38,0,0
fake_pro_566,3,6,4,0,65,41,4,0,1
professional_228,1562,565,24,1,311,780,16,0,0
fake_pro_969,4,3,0,0,4,45,0,0,1
professional_240,1375,1320,108,1,195,2275,11,0,0
fake_pro_424,3,13,8,1,54,88,1,0,1
professional_355,1583,1382,180,1,400,452,41,0,0
professional_655,1855,2123,92,1,249,2608,22,1,0
professional_760,1193,4368,15,1,182,2888,10,0,0
fake_pro_419,32,14,7,0,46,33,4,0,1
professional_913,1081,4878,82,1,321,2037,12,1,0
fake_pro_463,33,19,1,1,47,12,2,0,1
professional_247,1569,2104,13,1,256,1685,17,0,0
professional_394,1389,2730,100,1,206,1804,44,1,0
fake_pro_835,6,27,0,0,33,72,0,0,1
fake_pro_829,42,5,0,0,60,72,3,0,1
fake_pro_254,32,19,4,1,68,84,1,0,1
professional_766,316,819,17,1,480,1357,9,1,0
fake_pro_510,41,9,7,1,52,79,3,0,1
fake_pro_604,38,0,7,0,18,86,4,0,1
professional_867,1231,1702,53,1,234,1657,29,1,0
fake_pro_950,9,20,5,1,6,79,3,0,1
fake_pro_951,14,19,7,0,26,17,3,0,1
professional_726,1099,1861,99,1,189,2678,14,0,0
professional_443,457,1921,108,1,390,2152,22,0,0
fake_pro_169,37,8,3,0,55,83,2,0,1
professional_203,626,523,128,1,139,1888,26,1,0
professional_361,948,1615,129,1,499,3675,43,0,0
professional_116,1100,2871,98,1,278,3833,47,1,0
fake_pro_647,20,27,7,1,49,27,0,0,1
professional_398,1010,4306,198,1,356,1000,5,0,0
professional_787,1992,4312,157,1,294,3063,24,1,0
professional_919,600,1924,199,1,167,2019,42,0,0
fake_pro_494,37,11,2,0,11,88,4,0,1
fake_pro_481,5,12,6,0,7,2,1,0,1
professional_687,1794,4420,150,1,158,3740,43,1,0
fake_pro_140,7,28,5,0,44,54,3,0,1
fake_pro_58,25,2,4,1,19,77,0,0,1
professional_596,1278,999,193,1,313,3291,8,0,0
professional_924,1547,2835,155,1,187,1212,36,0,0
professional_742,577,314,76,1,470,987,36,1,0
professional_898,1115,672,159,1,399,3586,20,0,0
professional_200,723,87,157,1,317,607,21,0,0
fake_pro_116,10,19,9,0,50,26,4,0,1
fake_pro_259,38,27,3,0,49,50,4,0,1
professional_103,1486,1918,24,1,253,893,26,0,0
fake_pro_200,43,7,3,1,43,31,0,0,1
professional_810,1594,2657,11,1,258,2379,10,0,0
fake_pro_779,21,19,2,1,48,39,2,0,1
fake_pro_55,19,4,9,1,33,3,1,0,1
fake_pro_676,14,11,1,0,35,38,4,0,1
professional_906,189,4799,54,1,310,3904,39,0,0
fake_pro_916,34,7,9,1,22,84,0,0,1
fake_pro_980,12,3,0,1,18,4,4,0,1
professional_678,1043,3705,130,1,470,1480,23,0,0
professional_109,825,3657,142,1,283,3576,13,0,0
professional_624,1123,2805,14,1,320,2896,29,0,0
fake_pro_296,18,6,8,1,74,29,0,0,1
fake_pro_828,45,7,3,0,54,53,4,0,1
professional_308,1990,3581,155,1,258,704,18,0,0
professional_508,1928,1825,115,1,243,1759,28,0,0
professional_258,1286,2799,199,1,333,2877,17,0,0
professional_467,1594,2414,116,1,473,2440,37,0,0
fake_pro_60,27,4,6,0,16,45,0,0,1
professional_407,893,3645,118,1,499,2066,28,1,0
fake_pro_820,16,2,6,1,50,31,1,0,1
professional_882,1511,980,188,1,405,1500,32,0,0
professional_267,1214,2818,190,1,236,2579,47,0,0
professional_768,993,657,195,1,358,3335,21,1,0
fake_pro_945,32,17,8,0,65,73,4,0,1
professional_983,1207,428,181,1,487,1126,14,0,0
professional_691,407,4912,60,1,494,2509,34,0,0
professional_100,1656,1673,147,1,440,1561,6,0,0
professional_461,1082,4157,139,1,474,3416,43,0,0
professional_689,1952,2006,88,1,190,3115,7,0,0
fake_pro_549,39,5,3,0,47,87,4,0,1
fake_pro_591,28,2,3,0,10,81,2,0,1
professional_645,1318,1610,18,1,148,3803,37,1,0
professional_358,575,4251,145,1,312,2846,25,0,0
fake_pro_891,26,19,3,0,55,22,1,0,1
fake_pro_761,42,7,8,0,76,86,1,0,1
professional_881,1148,576,178,1,477,2079,10,1,0
fake_pro_917,49,22,9,1,69,6,0,0,1
fake_pro_303,2,25,0,1,20,34,2,0,1
fake_pro_514,49,10,6,0,38,37,1,0,1
professional_236,308,1678,172,1,148,1203,30,0,0
fake_pro_760,19,22,3,1,30,22,0,0,1
fake_pro_313,9,22,6,0,55,12,1,0,1
fake_pro_75,42,3,9,0,12,19,2,0,1
professional_986,556,1096,156,1,305,3947,49,0,0
professional_962,1363,4830,168,1,249,3364,37,0,0
professional_685,1884,1228,145,1,181,3315,43,0,0
fake_pro_984,17,8,0,0,56,12,0,0,1
fake_pro_782,28,6,9,0,25,86,4,0,1
professional_815,1625,288,17,1,201,3715,13,0,0
professional_583,378,787,139,1,304,3598,38,0,0
fake_pro_155,10,15,6,0,28,2,3,0,1
fake_pro_922,31,14,6,1,28,31,1,0,1
fake_pro_412,37,26,4,1,26,64,1,0,1
professional_605,645,2346,51,1,211,2693,36,0,0
fake_pro_935,11,16,9,1,64,84,3,0,1
professional_575,1781,3147,57,1,157,3007,40,1,0
fake_pro_204,14,12,5,0,62,44,4,0,1
professional_93,992,2776,121,1,259,1175,7,0,0
fake_pro_765,48,24,1,1,21,60,0,0,1
professional_166,1613,571,162,1,201,2678,11,0,0
professional_876,353,404,15,1,116,3204,14,0,0
professional_478,1378,3040,135,1,492,1500,39,0,0
professional_988,1376,159,80,1,427,1973,26,1,0
fake_pro_905,17,3,2,0,55,59,1,0,1
fake_pro_559,12,8,1,0,32,55,3,0,1
professional_762,475,3337,82,1,146,1538,19,0,0
professional_492,1862,750,61,1,182,538,12,0,0
fake_pro_885,2,13,5,0,20,84,4,0,1
fake_pro_515,1,4,8,0,31,75,4,0,1
professional_92,1665,676,165,1,410,3050,22,1,0
professional_468,590,2306,118,1,241,602,45,0,0
professional_613,983,812,166,1,468,3282,17,0,0
professional_975,278,4259,81,1,136,3625,37,0,0
professional_850,1431,4721,59,1,252,3925,24,0,0
fake_pro_619,47,17,0,1,58,10,2,0,1
professional_510,1917,1817,155,1,248,3722,49,0,0
fake_pro_894,13,14,4,1,55,84,4,0,1
professional_113,1689,2214,99,1,335,1754,47,1,0
professional_507,1728,4117,101,1,128,3859,22,0,0
professional_379,213,3464,87,1,257,2616,15,1,0
professional_418,1100,4055,111,1,461,2613,36,1,0
fake_pro_895,10,27,8,0,36,22,4,0,1
professional_722,145,868,94,1,378,2413,14,0,0
fake_pro_851,46,25,8,1,1,15,4,0,1
fake_pro_872,34,4,2,0,74,48,0,0,1
professional_17,1703,2036,188,1,217,3509,38,0,0
professional_705,633,3705,66,1,334,2547,35,0,0
professional_693,574,1253,137,1,368,3641,26,0,0
professional_642,1398,2379,187,1,346,1524,18,1,0
professional_421,284,779,54,1,296,3199,23,0,0
fake_pro_608,49,6,3,0,62,17,0,0,1
professional_99,1443,2213,189,1,301,1114,39,0,0
fake_pro_715,38,1,3,0,67,89,3,0,1
professional_976,494,1616,104,1,199,2768,21,0,0
fake_pro_275,48,4,9,0,54,86,3,0,1
professional_288,1048,1956,148,1,232,859,17,0,0
fake_pro_462,9,4,1,0,72,73,3,0,1
fake_pro_422,6,1,2,1,44,33,2,0,1
fake_pro_362,21,12,9,0,51,88,3,0,1
professional_798,581,2538,59,1,245,1281,32,0,0
fake_pro_631,48,20,1,1,4,79,4,0,1
fake_pro_622,7,27,3,0,45,77,0,0,1
fake_pro_260,24,2,0,1,69,89,3,0,1
fake_pro_225,6,5,9,0,25,80,2,0,1
professional_28,1212,2145,39,1,197,3755,34,0,0
professional_445,271,2075,88,1,281,2304,44,0,0
fake_pro_860,16,11,7,0,64,16,3,0,1
professional_984,768,3515,72,1,308,952,36,1,0
fake_pro_899,19,10,7,0,60,51,0,0,1
professional_399,927,1328,65,1,142,2337,42,1,0
professional_139,1594,3089,55,1,389,487,18,1,0
fake_pro_103,6,24,5,1,64,24,4,0,1
fake_pro_89,13,17,5,0,56,7,3,0,1
fake_pro_597,47,3,7,1,66,35,3,0,1
fake_pro_627,36,24,1,0,26,35,2,0,1
fake_pro_610,10,13,9,1,54,9,1,0,1
professional_819,1976,1196,32,1,310,1636,35,0,0
professional_723,629,4802,13,1,132,3726,35,0,0
professional_164,790,2003,56,1,491,876,38,1,0
fake_pro_844,0,10,6,0,41,66,4,0,1
fake_pro_1,16,21,9,1,40,8,2,0,1
fake_pro_562,0,21,4,1,42,36,4,0,1
professional_230,1170,3024,160,1,159,1509,29,0,0
professional_659,1809,2006,149,1,469,2161,17,1,0
fake_pro_967,49,23,5,1,51,51,3,0,1
fake_pro_739,28,11,6,0,69,77,4,0,1
professional_46,1343,1139,70,1,479,433,14,0,0
professional_592,691,3608,165,1,110,2241,17,1,0
professional_150,843,4031,128,1,442,2837,20,1,0
fake_pro_250,1,1,9,1,3,9,2,0,1
fake_pro_59,24,19,5,1,20,85,0,0,1
professional_921,151,3173,145,1,452,1110,46,1,0
fake_pro_185,12,26,7,1,60,14,1,0,1
fake_pro_801,34,27,1,1,50,40,3,0,1
fake_pro_112,5,29,8,0,70,74,3,0,1
professional_303,697,4731,104,1,146,2890,15,0,0
professional_128,1233,1475,143,1,229,3674,28,0,0
professional_161,1643,1766,179,1,448,3061,13,1,0
fake_pro_499,8,0,2,1,65,36,2,0,1
professional_187,1462,1848,51,1,311,1450,47,0,0
fake_pro_180,44,27,6,1,15,64,1,0,1
fake_pro_883,18,24,4,0,51,4,1,0,1
fake_pro_940,40,26,7,1,7,28,4,0,1
fake_pro_242,45,1,5,1,14,43,3,0,1
fake_pro_813,25,14,8,0,12,56,2,0,1
professional_992,1918,3293,50,1,449,3501,6,0,0
professional_916,1726,1297,51,1,271,3480,6,1,0
fake_pro_960,16,19,7,1,23,55,4,0,1
fake_pro_157,0,23,7,0,2,51,0,0,1
professional_961,1231,4674,84,1,116,775,45,0,0
professional_817,1925,3911,24,1,232,1034,25,0,0
fake_pro_429,10,6,0,0,25,11,3,0,1
professional_212,1272,3847,31,1,450,3924,34,0,0
professional_435,1085,2549,147,1,405,2415,27,0,0
professional_638,852,4076,47,1,164,1069,46,0,0
fake_pro_327,40,14,7,0,59,16,0,0,1
professional_896,820,3728,194,1,267,1371,13,0,0
professional_541,1536,1676,184,1,170,541,8,1,0
professional_914,1967,630,182,1,189,2733,46,0,0
fake_pro_603,9,25,2,0,13,82,4,0,1
professional_186,232,1606,186,1,388,2943,7,0,0
fake_pro_664,34,17,3,0,37,35,3,0,1
fake_pro_85,39,18,6,0,32,11,4,0,1
fake_pro_374,12,4,7,1,9,58,4,0,1
fake_pro_853,35,24,9,0,18,57,4,0,1
fake_pro_385,40,21,1,0,7,18,1,0,1
fake_pro_762,7,9,6,0,25,29,1,0,1
professional_790,1402,2039,27,1,477,822,20,0,0
professional_323,1091,2824,175,1,395,1021,24,0,0
fake_pro_117,28,15,0,1,38,11,2,0,1
fake_pro_280,26,13,0,1,37,20,2,0,1
fake_pro_949,47,9,0,0,29,29,1,0,1
fake_pro_979,42,17,8,1,28,21,4,0,1
fake_pro_635,43,11,4,1,41,19,1,0,1
fake_pro_226,4,2,7,1,10,62,2,0,1
fake_pro_8,49,7,3,1,64,44,1,0,1
professional_674,1866,4514,22,1,393,992,28,0,0
fake_pro_381,6,21,8,0,36,40,0,0,1
professional_899,1531,4498,98,1,229,3427,29,0,0
professional_793,996,78,105,1,345,975,29,1,0
fake_pro_636,31,1,8,1,74,75,3,0,1
fake_pro_430,14,12,6,1,70,35,1,0,1
fake_pro_304,34,0,0,1,30,44,0,0,1
professional_928,1739,4167,190,1,145,907,37,0,0
fake_pro_19,31,24,0,0,7,33,3,0,1
professional_763,1212,2502,177,1,491,2539,19,0,0
professional_465,1142,3923,156,1,213,574,28,0,0
fake_pro_128,20,8,4,0,42,71,0,0,1
professional_652,992,1968,111,1,211,3550,20,1,0
fake_pro_996,31,17,9,1,73,89,3,0,1
fake_pro_292,34,27,0,1,65,58,3,0,1
fake_pro_875,1,20,2,1,70,81,1,0,1
fake_pro_525,47,7,1,0,74,51,1,0,1
professional_971,706,1687,91,1,132,1243,26,0,0
professional_628,1352,1743,121,1,315,1132,9,1,0
fake_pro_902,15,20,0,1,65,51,3,0,1
fake_pro_661,3,24,1,1,55,52,4,0,1
fake_pro_152,19,10,3,0,7,6,2,0,1
fake_pro_685,16,26,4,1,61,64,4,0,1
fake_pro_803,10,1,8,1,32,36,4,0,1
professional_985,1208,2321,55,1,377,2486,45,0,0
fake_pro_694,24,23,1,0,70,26,0,0,1
professional_875,901,585,62,1,444,3581,40,0,0
professional_147,821,2787,98,1,417,2095,48,1,0
professional_0,1322,3066,127,1,120,1342,7,0,0
professional_765,356,475,18,1,484,2892,43,0,0
fake_pro_201,6,6,5,1,31,53,4,0,1
fake_pro_986,7,0,8,1,55,60,0,0,1
fake_pro_99,45,28,9,1,42,2,0,0,1
professional_262,1175,1411,84,1,107,1368,16,1,0
fake_pro_135,16,2,0,1,57,38,4,0,1
professional_548,1940,1074,74,1,466,3424,27,0,0
fake_pro_88,43,16,8,0,79,34,4,0,1
fake_pro_208,38,11,6,1,8,63,4,0,1
professional_208,951,4528,120,1,364,2788,39,0,0
professional_649,1646,2029,60,1,225,2386,12,0,0
professional_362,996,4271,97,1,225,3753,21,0,0
professional_470,961,803,112,1,389,2475,23,0,0
fake_pro_78,33,27,5,0,62,71,1,0,1
fake_pro_716,20,18,4,1,67,52,4,0,1
fake_pro_172,5,20,4,0,65,79,4,0,1
professional_656,1473,4711,52,1,238,3272,39,0,0
fake_pro_732,32,23,0,0,43,62,3,0,1
professional_142,595,3808,56,1,339,1551,27,0,0
fake_pro_453,40,7,5,1,46,73,4,0,1
professional_720,296,2139,137,1,141,943,18,1,0
fake_pro_48,9,29,0,1,74,22,1,0,1
fake_pro_536,22,23,2,1,29,12,4,0,1
professional_318,522,3647,142,1,296,2057,32,0,0
professional_337,1589,4891,120,1,257,1851,10,0,0
fake_pro_125,35,10,2,1,0,58,1,0,1
professional_472,1935,4699,74,1,124,864,15,1,0
professional_900,618,4837,86,1,248,792,28,0,0
fake_pro_650,27,15,8,1,10,22,0,0,1
fake_pro_832,33,15,6,1,10,7,4,0,1
fake_pro_333,20,2,7,1,69,42,1,0,1
professional_936,209,774,112,1,485,813,12,0,0
fake_pro_727,34,5,7,1,4,65,1,0,1
fake_pro_776,49,8,7,1,66,28,1,0,1
professional_851,825,1215,48,1,478,2277,9,1,0
fake_pro_30,8,11,8,0,45,23,2,0,1
fake_pro_666,36,1,1,0,2,37,2,0,1
professional_769,1667,1902,113,1,191,2814,47,1,0
professional_837,1661,1444,179,1,339,828,33,1,0
professional_129,479,2354,152,1,351,2415,17,0,0
fake_pro_512,14,26,7,1,38,88,3,0,1
fake_pro_43,44,1,7,1,9,31,1,0,1
professional_512,1312,291,150,1,466,1118,14,0,0
fake_pro_797,38,10,8,0,36,51,3,0,1
professional_270,1792,164,39,1,271,2157,38,0,0
fake_pro_508,44,2,1,0,54,38,4,0,1
professional_85,1301,4196,40,1,191,2983,32,1,0
fake_pro_213,41,25,5,1,51,67,2,0,1
fake_pro_780,44,26,5,0,35,50,3,0,1
fake_pro_102,39,16,7,0,5,36,3,0,1
professional_845,1869,564,85,1,389,440,29,1,0
professional_711,717,3203,198,1,226,2190,25,0,0
fake_pro_785,11,5,2,1,43,72,4,0,1
professional_8,941,679,27,1,459,3863,38,0,0
professional_243,1926,1459,10,1,275,1243,39,0,0
professional_727,875,4935,129,1,203,1526,30,0,0
professional_741,1257,3111,175,1,332,3275,33,0,0
fake_pro_67,10,28,8,1,77,71,3,0,1
fake_pro_766,22,20,5,1,5,77,1,0,1
professional_348,1371,463,161,1,446,1978,44,1,0
professional_126,1024,913,116,1,395,2263,32,0,0
fake_pro_219,29,29,5,1,7,1,4,0,1
fake_pro_295,44,21,8,0,10,23,0,0,1
fake_pro_162,32,15,5,1,11,77,2,0,1
fake_pro_728,19,7,5,0,14,75,0,0,1
professional_661,1216,3502,39,1,403,3040,23,0,0
fake_pro_56,9,11,5,1,4,41,3,0,1
fake_pro_859,14,14,5,1,55,87,1,0,1
professional_354,608,1909,143,1,147,3152,7,1,0
fake_pro_740,42,8,4,0,34,54,0,0,1
professional_530,1610,1262,82,1,187,1385,20,0,0
fake_pro_101,6,27,2,1,8,70,3,0,1
fake_pro_845,47,2,0,0,40,55,4,0,1
professional_315,966,4240,73,1,434,2528,25,1,0
fake_pro_704,38,7,7,1,66,4,4,0,1
fake_pro_27,21,16,9,1,65,45,0,0,1
professional_647,1935,2117,119,1,168,3101,49,1,0
professional_4,1202,3004,189,1,293,2999,15,0,0
fake_pro_640,15,11,7,0,13,57,2,0,1
professional_380,1502,3715,185,1,293,3265,8,0,0
professional_420,356,3001,60,1,130,2461,31,1,0
fake_pro_574,46,12,8,1,36,25,3,0,1
fake_pro_560,49,2,2,1,61,61,3,0,1
fake_pro_924,15,4,6,1,9,16,2,0,1
fake_pro_970,4,19,7,1,14,12,0,0,1
fake_pro_484,15,2,0,0,24,43,2,0,1
professional_340,1799,4009,132,1,420,3258,23,0,0
fake_pro_366,43,29,9,0,46,12,2,0,1
professional_450,1359,3954,61,1,188,2964,36,1,0
professional_915,387,870,44,1,205,3151,23,0,0
fake_pro_320,43,2,8,0,39,84,4,0,1
professional_860,174,1984,128,1,122,579,20,0,0
fake_pro_246,39,18,4,1,25,3,3,0,1
fake_pro_188,5,16,4,0,43,87,3,0,1
fake_pro_3,24,8,1,1,77,85,2,0,1
professional_514,1446,2999,161,1,286,1052,37,0,0
professional_86,1656,3804,97,1,181,2131,29,0,0
fake_pro_351,9,12,2,0,1,46,2,0,1
professional_878,969,1032,11,1,149,3878,35,1,0
fake_pro_975,11,8,5,0,54,54,3,0,1
professional_959,527,1445,101,1,281,2818,8,1,0
fake_pro_540,39,4,7,0,63,74,1,0,1
fake_pro_448,0,26,4,1,22,80,2,0,1
professional_749,466,3271,54,1,194,1295,24,0,0
professional_664,674,2959,56,1,207,3042,35,0,0
fake_pro_70,1,15,6,0,16,42,1,0,1
professional_401,770,2601,114,1,141,1036,42,0,0
professional_939,614,2502,148,1,339,2270,21,1,0
professional_546,1058,3319,134,1,147,2680,44,0,0
fake_pro_364,24,24,5,0,10,80,0,0,1
fake_pro_415,15,15,7,1,68,62,2,0,1
professional_428,1382,4890,33,1,277,708,10,0,0
professional_347,858,4961,45,1,245,2107,32,0,0
professional_807,1681,1318,128,1,433,805,15,0,0
fake_pro_451,35,7,9,1,69,23,1,0,1
professional_636,975,3333,120,1,355,2145,45,1,0
fake_pro_215,22,19,6,0,71,16,4,0,1
professional_419,830,3409,44,1,105,2258,7,0,0
fake_pro_379,7,22,9,1,28,23,0,0,1
professional_280,615,4161,46,1,229,3486,33,0,0
fake_pro_283,30,1,9,1,75,78,4,0,1
fake_pro_628,11,9,3,0,6,75,3,0,1
fake_pro_997,18,23,3,0,78,16,3,0,1
fake_pro_418,6,19,3,1,29,68,1,0,1
fake_pro_535,9,15,4,0,21,7,0,0,1
fake_pro_406,16,2,4,0,38,69,1,0,1
fake_pro_319,16,25,5,0,53,14,3,0,1
fake_pro_873,44,19,8,1,67,43,1,0,1
fake_pro_589,5,16,5,0,51,4,2,0,1
fake_pro_420,3,0,7,1,11,22,0,0,1
fake_pro_757,21,0,5,0,44,67,4,0,1
fake_pro_408,11,6,5,1,16,66,2,0,1
fake_pro_649,7,20,3,0,68,29,0,0,1
professional_130,934,703,56,1,457,2111,37,1,0
professional_663,1033,1612,41,1,392,2050,42,0,0
professional_771,1284,2174,28,1,199,1209,39,0,0
fake_pro_724,14,10,7,1,79,67,2,0,1
fake_pro_577,45,4,6,1,34,9,0,0,1
fake_pro_958,21,21,1,1,34,28,2,0,1
fake_pro_294,34,2,3,1,47,18,2,0,1
